order_date,order_id,customer_id,channel,discount_code,revenue,discount_amount,was_returned
2026-07-25,14398,C-03642,paid_search,,102.81,0.00,0
2026-07-25,14399,C-06978,email,,44.56,0.00,0
2026-07-25,14401,C-02388,paid_search,,59.21,0.00,1
2026-07-25,14402,C-06950,paid_search,SPRING15,63.18,21.29,1
2026-07-25,14403,C-06982,email,THANKYOU5,42.87,7.38,0
2026-07-25,14405,C-01787,email,,82.75,0.00,0
2026-07-25,14407,C-05538,email,,55.46,0.00,0
2026-07-25,14408,C-06963,marketplace,SAVE20,51.05,6.90,0
2026-07-25,14410,C-06956,paid_search,WELCOME10,58.69,14.44,1
2026-07-25,14413,C-06980,email,,59.61,0.00,0
2026-07-25,14416,C-01896,organic,,64.41,0.00,0
2026-07-25,14419,C-06967,marketplace,THANKYOU5,41.05,5.52,0
2026-07-25,14420,C-02514,marketplace,SAVE20,34.19,5.93,0
2026-07-25,14421,C-00641,email,,68.73,0.00,0
2026-07-25,14422,C-06977,email,,50.49,0.00,0
2026-07-25,14425,C-06959,paid_search,SAVE20,70.76,16.72,0
2026-07-25,14426,C-06989,organic,,54.19,0.00,0
2026-07-25,14429,C-01433,email,,53.50,0.00,0
2026-07-25,14432,C-02732,email,,95.14,0.00,0
2026-07-25,14434,C-06987,organic,SPRING15,46.82,7.41,0
2026-07-25,14435,C-06955,paid_search,THANKYOU5,50.44,13.22,0
2026-07-25,14436,C-01909,paid_search,,70.06,0.00,0
2026-07-25,14437,C-02206,paid_search,,44.82,0.00,1
2026-07-25,14438,C-06957,paid_search,,78.00,0.00,0
2026-07-25,14439,C-06970,marketplace,,62.59,0.00,0
2026-07-25,14441,C-05276,organic,,59.55,0.00,0
2026-07-25,14442,C-01839,email,,69.95,0.00,0
2026-07-25,14443,C-06952,paid_search,,87.78,0.00,0
2026-07-25,14444,C-02836,organic,,58.22,0.00,0
2026-07-25,14445,C-02841,marketplace,,60.14,0.00,0
2026-07-25,14446,C-06954,paid_search,THANKYOU5,52.61,15.58,0
2026-07-25,14448,C-06973,email,,69.57,0.00,0
2026-07-25,14449,C-00554,paid_search,,41.48,0.00,0
2026-07-25,14452,C-03273,email,,99.08,0.00,0
2026-07-25,14454,C-06968,marketplace,,71.47,0.00,0
2026-07-25,14457,C-06981,email,WELCOME10,49.09,6.10,0
2026-07-25,14458,C-04456,email,,54.24,0.00,0
2026-07-25,14460,C-04635,organic,,62.76,0.00,0
2026-07-25,14461,C-06953,paid_search,SAVE20,57.73,14.58,1
2026-07-25,14462,C-02896,marketplace,,87.82,0.00,0
2026-07-25,14463,C-06985,organic,,67.22,0.00,0
2026-07-25,14464,C-01779,organic,,60.68,0.00,0
2026-07-25,14465,C-04612,email,WELCOME10,55.04,4.94,0
2026-07-25,14468,C-03124,email,SPRING15,64.32,11.22,0
2026-07-25,14471,C-03744,email,,65.16,0.00,0
2026-07-25,14472,C-03968,organic,SAVE20,59.83,3.91,0
2026-07-25,14475,C-06972,email,,41.95,0.00,0
2026-07-25,14476,C-06971,marketplace,,46.76,0.00,0
2026-07-25,14477,C-00033,email,,81.26,0.00,0
2026-07-25,14478,C-05983,organic,,61.68,0.00,0
2026-07-25,14481,C-04246,email,,82.03,0.00,0
2026-07-25,14483,C-06979,email,,64.55,0.00,0
2026-07-25,14484,C-04888,email,SPRING15,46.98,6.65,0
2026-07-25,14485,C-06969,marketplace,,46.28,0.00,0
2026-07-25,14486,C-06951,paid_search,THANKYOU5,58.12,17.53,0
2026-07-25,14488,C-00924,organic,,62.45,0.00,0
2026-07-25,14490,C-06975,email,SPRING15,36.13,4.86,0
2026-07-25,14491,C-06962,paid_search,THANKYOU5,47.92,15.99,0
2026-07-25,14494,C-06983,email,,41.98,0.00,0
2026-07-25,14495,C-05176,paid_search,,76.89,0.00,0
2026-07-25,14496,C-06966,marketplace,,42.87,0.00,0
2026-07-25,14497,C-06974,email,,52.40,0.00,0
2026-07-25,14498,C-06958,paid_search,THANKYOU5,51.09,14.57,1
2026-07-25,14499,C-05135,paid_search,,60.91,0.00,0
2026-07-25,14500,C-06986,organic,WELCOME10,52.51,8.19,0
2026-07-25,14501,C-06949,paid_search,WELCOME10,76.55,18.44,1
2026-07-25,14504,C-06964,marketplace,SAVE20,37.98,6.41,0
2026-07-25,14505,C-06984,organic,,44.82,0.00,0
2026-07-25,14508,C-06961,paid_search,SPRING15,44.59,17.22,1
2026-07-25,14509,C-06965,marketplace,WELCOME10,64.99,8.47,0
2026-07-25,14510,C-06976,email,,64.88,0.00,0
2026-07-25,14511,C-03790,marketplace,,63.07,0.00,0
2026-07-25,14514,C-06948,paid_search,,57.69,0.00,1
2026-07-25,14515,C-06988,organic,SAVE20,43.84,6.89,0
2026-07-25,14516,C-02966,email,,81.45,0.00,0
2026-07-25,14517,C-00360,organic,,93.95,0.00,0
2026-07-25,14519,C-06960,paid_search,THANKYOU5,68.51,19.25,0
2026-07-26,14520,C-04509,email,,58.95,0.00,0
2026-07-26,14521,C-07013,marketplace,THANKYOU5,34.82,7.73,0
2026-07-26,14522,C-03730,marketplace,,60.37,0.00,0
2026-07-26,14523,C-07014,marketplace,THANKYOU5,41.81,8.07,0
2026-07-26,14524,C-07012,marketplace,,81.98,0.00,0
2026-07-26,14526,C-01288,email,,59.34,0.00,0
2026-07-26,14527,C-07028,email,THANKYOU5,61.66,5.40,0
2026-07-26,14529,C-07025,email,,64.25,0.00,0
2026-07-26,14530,C-01842,organic,SPRING15,54.56,8.96,0
2026-07-26,14533,C-07009,paid_search,SAVE20,55.72,23.61,0
2026-07-26,14536,C-07006,paid_search,SAVE20,54.23,13.68,1
2026-07-26,14537,C-07021,marketplace,SPRING15,63.94,8.94,0
2026-07-26,14538,C-06998,paid_search,WELCOME10,70.13,22.44,1
2026-07-26,14541,C-07037,organic,,42.67,0.00,0
2026-07-26,14542,C-07017,marketplace,,53.18,0.00,0
2026-07-26,14544,C-07024,email,,45.52,0.00,0
2026-07-26,14545,C-02288,marketplace,SAVE20,67.63,9.10,0
2026-07-26,14548,C-01388,email,SAVE20,75.39,6.61,0
2026-07-26,14549,C-07018,marketplace,,59.85,0.00,0
2026-07-26,14550,C-06994,paid_search,WELCOME10,67.50,18.25,1
2026-07-26,14553,C-07034,email,,71.37,0.00,0
2026-07-26,14554,C-07026,email,SPRING15,38.23,5.11,0
2026-07-26,14556,C-07038,organic,,62.18,0.00,0
2026-07-26,14557,C-07020,marketplace,,67.46,0.00,0
2026-07-26,14558,C-06996,paid_search,,57.69,0.00,0
2026-07-26,14559,C-07000,paid_search,SPRING15,63.81,17.62,0
2026-07-26,14560,C-07002,paid_search,WELCOME10,41.81,16.44,1
2026-07-26,14561,C-07031,email,,50.38,0.00,0
2026-07-26,14562,C-00923,email,SAVE20,57.14,6.11,0
2026-07-26,14563,C-07039,organic,,63.87,0.00,0
2026-07-26,14564,C-07010,paid_search,WELCOME10,56.07,12.82,0
2026-07-26,14565,C-07016,marketplace,WELCOME10,45.14,11.01,0
2026-07-26,14566,C-06993,paid_search,WELCOME10,58.17,12.94,0
2026-07-26,14567,C-03904,email,,50.45,0.00,0
2026-07-26,14570,C-07032,email,,63.54,0.00,0
2026-07-26,14571,C-07003,paid_search,,68.05,0.00,0
2026-07-26,14572,C-07005,paid_search,,75.81,0.00,0
2026-07-26,14574,C-06999,paid_search,SAVE20,64.96,20.34,1
2026-07-26,14575,C-07019,marketplace,,77.86,0.00,0
2026-07-26,14576,C-06997,paid_search,WELCOME10,51.39,17.68,0
2026-07-26,14577,C-05630,paid_search,WELCOME10,69.12,7.21,0
2026-07-26,14580,C-04656,email,SAVE20,52.45,5.04,0
2026-07-26,14583,C-07022,marketplace,THANKYOU5,48.27,9.99,0
2026-07-26,14584,C-02972,email,,51.38,0.00,0
2026-07-26,14586,C-07040,organic,,45.86,0.00,1
2026-07-26,14587,C-04452,email,,100.97,0.00,0
2026-07-26,14589,C-06995,paid_search,SPRING15,50.66,19.18,1
2026-07-26,14590,C-00876,marketplace,,72.14,0.00,1
2026-07-26,14591,C-04519,organic,THANKYOU5,65.44,7.45,0
2026-07-26,14592,C-07011,paid_search,SAVE20,46.27,16.84,0
2026-07-26,14593,C-05273,organic,,86.18,0.00,0
2026-07-26,14594,C-05530,email,,65.33,0.00,0
2026-07-26,14595,C-07030,email,,60.04,0.00,0
2026-07-26,14598,C-05715,organic,,88.27,0.00,0
2026-07-26,14601,C-05344,paid_search,,74.13,0.00,0
2026-07-26,14602,C-07008,paid_search,,91.61,0.00,1
2026-07-26,14605,C-01908,paid_search,,64.91,0.00,0
2026-07-26,14606,C-07035,email,,45.13,0.00,0
2026-07-26,14607,C-07001,paid_search,THANKYOU5,45.48,10.93,1
2026-07-26,14608,C-04072,email,WELCOME10,55.79,8.25,0
2026-07-26,14609,C-07033,email,SAVE20,61.67,3.70,0
2026-07-26,14610,C-06992,paid_search,SPRING15,69.07,20.71,0
2026-07-26,14611,C-06990,paid_search,,82.53,0.00,1
2026-07-26,14612,C-07027,email,,72.38,0.00,0
2026-07-26,14613,C-07036,organic,,45.52,0.00,0
2026-07-26,14615,C-04006,email,,67.46,0.00,0
2026-07-26,14616,C-03955,email,SAVE20,87.42,8.82,0
2026-07-26,14617,C-07029,email,WELCOME10,67.85,4.84,0
2026-07-26,14619,C-05153,email,,89.70,0.00,0
2026-07-26,14622,C-02921,organic,,86.94,0.00,0
2026-07-26,14623,C-07004,paid_search,,83.15,0.00,1
2026-07-26,14625,C-07015,marketplace,SPRING15,40.48,6.20,0
2026-07-26,14626,C-06991,paid_search,,59.68,0.00,0
2026-07-26,14629,C-04606,email,,62.93,0.00,0
2026-07-26,14632,C-03810,email,,72.60,0.00,0
2026-07-26,14634,C-07007,paid_search,THANKYOU5,42.08,14.45,0
2026-07-26,14636,C-05836,marketplace,WELCOME10,71.54,11.12,0
2026-07-26,14637,C-04161,paid_search,,64.62,0.00,1
2026-07-26,14639,C-01462,email,,65.18,0.00,0
2026-07-26,14640,C-05926,organic,,70.93,0.00,0
2026-07-26,14641,C-07041,organic,,52.35,0.00,0
2026-07-26,14642,C-07023,email,,66.83,0.00,0
2026-07-27,14643,C-07058,paid_search,SAVE20,68.65,25.41,1
2026-07-27,14644,C-05586,email,,73.65,0.00,0
2026-07-27,14645,C-00260,email,,105.70,0.00,0
2026-07-27,14646,C-05224,paid_search,THANKYOU5,70.38,6.95,0
2026-07-27,14647,C-07079,email,SPRING15,57.13,7.45,0
2026-07-27,14649,C-04455,email,,86.42,0.00,0
2026-07-27,14650,C-07084,email,,72.16,0.00,0
2026-07-27,14653,C-05145,organic,WELCOME10,46.82,4.47,0
2026-07-27,14654,C-07043,paid_search,THANKYOU5,49.33,12.32,0
2026-07-27,14655,C-07088,email,,63.08,0.00,0
2026-07-27,14656,C-07089,email,,73.14,0.00,1
2026-07-27,14657,C-07077,email,,70.37,0.00,0
2026-07-27,14658,C-07055,paid_search,SAVE20,50.16,14.37,1
2026-07-27,14659,C-05756,organic,SAVE20,38.09,3.37,0
2026-07-27,14662,C-07074,marketplace,,66.70,0.00,0
2026-07-27,14663,C-07067,marketplace,,55.00,0.00,0
2026-07-27,14664,C-03593,email,,72.04,0.00,0
2026-07-27,14665,C-07053,paid_search,SPRING15,59.93,22.49,1
2026-07-27,14666,C-05880,paid_search,,66.74,0.00,0
2026-07-27,14667,C-07073,marketplace,,60.16,0.00,0
2026-07-27,14668,C-07090,email,,70.25,0.00,0
2026-07-27,14669,C-07059,paid_search,SPRING15,61.22,15.13,1
2026-07-27,14670,C-07098,organic,,48.67,0.00,0
2026-07-27,14671,C-07068,marketplace,SPRING15,61.50,8.98,0
2026-07-27,14672,C-07103,organic,,38.06,0.00,0
2026-07-27,14675,C-04439,marketplace,,57.05,0.00,0
2026-07-27,14676,C-07086,email,WELCOME10,56.84,9.78,1
2026-07-27,14678,C-07057,paid_search,WELCOME10,51.96,19.11,0
2026-07-27,14679,C-01550,marketplace,,57.83,0.00,0
2026-07-27,14680,C-00969,email,,76.41,0.00,0
2026-07-27,14681,C-07049,paid_search,SAVE20,53.31,19.65,0
2026-07-27,14682,C-04197,email,,56.43,0.00,0
2026-07-27,14683,C-07054,paid_search,SAVE20,58.19,23.22,0
2026-07-27,14684,C-05368,marketplace,,56.44,0.00,0
2026-07-27,14685,C-07085,email,SAVE20,57.28,3.51,0
2026-07-27,14688,C-05159,organic,,67.05,0.00,0
2026-07-27,14690,C-03753,email,SPRING15,59.10,8.30,0
2026-07-27,14691,C-01362,paid_search,,75.31,0.00,0
2026-07-27,14694,C-07083,email,,58.10,0.00,0
2026-07-27,14697,C-07052,paid_search,,70.42,0.00,1
2026-07-27,14698,C-01786,email,,87.30,0.00,0
2026-07-27,14700,C-07096,organic,SPRING15,43.20,3.10,0
2026-07-27,14701,C-07100,organic,,56.87,0.00,0
2026-07-27,14702,C-00322,organic,,51.51,0.00,1
2026-07-27,14703,C-05079,marketplace,SPRING15,44.47,7.18,0
2026-07-27,14704,C-05002,organic,,82.10,0.00,0
2026-07-27,14705,C-07064,marketplace,,48.74,0.00,0
2026-07-27,14707,C-00149,paid_search,,66.04,0.00,0
2026-07-27,14709,C-07046,paid_search,WELCOME10,44.74,11.83,0
2026-07-27,14710,C-07102,organic,,42.23,0.00,0
2026-07-27,14711,C-07048,paid_search,SAVE20,67.44,18.82,0
2026-07-27,14712,C-07070,marketplace,,80.16,0.00,0
2026-07-27,14713,C-07071,marketplace,,51.66,0.00,0
2026-07-27,14714,C-07076,marketplace,SAVE20,56.38,11.24,0
2026-07-27,14715,C-04952,email,,86.16,0.00,0
2026-07-27,14716,C-04811,marketplace,,72.26,0.00,1
2026-07-27,14717,C-07060,paid_search,SAVE20,41.39,15.59,0
2026-07-27,14718,C-07044,paid_search,SPRING15,61.47,22.56,1
2026-07-27,14720,C-07093,email,SAVE20,50.35,5.45,0
2026-07-27,14723,C-07061,paid_search,WELCOME10,61.24,14.07,0
2026-07-27,14726,C-01233,email,,56.59,0.00,0
2026-07-27,14727,C-07051,paid_search,SAVE20,47.29,11.92,1
2026-07-27,14728,C-00963,email,,97.74,0.00,0
2026-07-27,14730,C-07072,marketplace,,47.14,0.00,0
2026-07-27,14731,C-01934,email,,79.20,0.00,0
2026-07-27,14732,C-07099,organic,,62.67,0.00,0
2026-07-27,14733,C-07080,email,,51.16,0.00,0
2026-07-27,14734,C-07081,email,,61.52,0.00,1
2026-07-27,14735,C-07095,organic,,38.53,0.00,0
2026-07-27,14736,C-03071,marketplace,,55.84,0.00,0
2026-07-27,14737,C-07097,organic,,37.84,0.00,0
2026-07-27,14740,C-00372,paid_search,,48.79,0.00,1
2026-07-27,14741,C-02606,marketplace,,56.52,0.00,0
2026-07-27,14742,C-07050,paid_search,SAVE20,56.56,19.93,0
2026-07-27,14743,C-07042,paid_search,SAVE20,47.57,14.73,1
2026-07-27,14744,C-07078,email,,55.86,0.00,0
2026-07-27,14745,C-07087,email,,45.23,0.00,0
2026-07-27,14746,C-03795,marketplace,,54.83,0.00,0
2026-07-27,14749,C-03811,email,,91.51,0.00,0
2026-07-27,14750,C-07047,paid_search,SAVE20,50.98,17.37,1
2026-07-27,14752,C-07091,email,,40.04,0.00,0
2026-07-27,14753,C-03386,marketplace,WELCOME10,44.19,7.69,0
2026-07-27,14755,C-07065,marketplace,,52.37,0.00,0
2026-07-27,14756,C-07056,paid_search,SPRING15,68.08,18.26,1
2026-07-27,14759,C-07066,marketplace,SAVE20,69.08,8.96,0
2026-07-27,14760,C-03645,organic,,102.11,0.00,0
2026-07-27,14761,C-07045,paid_search,,69.49,0.00,0
2026-07-27,14762,C-07062,paid_search,,87.87,0.00,0
2026-07-27,14763,C-07075,marketplace,SPRING15,48.99,7.94,1
2026-07-27,14765,C-07092,email,THANKYOU5,59.04,9.47,0
2026-07-27,14767,C-07101,organic,THANKYOU5,38.91,4.00,1
2026-07-27,14768,C-07069,marketplace,SPRING15,60.35,13.54,0
2026-07-27,14770,C-04893,email,,95.67,0.00,0
2026-07-27,14771,C-07063,marketplace,,54.00,0.00,0
2026-07-27,14772,C-02045,email,,71.88,0.00,0
2026-07-27,14775,C-07094,organic,SAVE20,52.82,3.61,0
2026-07-27,14776,C-02614,organic,,80.40,0.00,0
2026-07-27,14777,C-05793,marketplace,,89.98,0.00,0
2026-07-27,14778,C-07082,email,,60.13,0.00,0
2026-07-28,14779,C-04834,organic,,94.85,0.00,0
2026-07-28,14780,C-07151,email,,42.47,0.00,0
2026-07-28,14781,C-03278,email,,83.87,0.00,0
2026-07-28,14782,C-07111,paid_search,THANKYOU5,53.39,12.27,0
2026-07-28,14783,C-00357,paid_search,,71.96,0.00,0
2026-07-28,14784,C-06384,email,THANKYOU5,51.96,6.52,0
2026-07-28,14785,C-07146,marketplace,,52.65,0.00,0
2026-07-28,14788,C-03841,marketplace,,59.29,0.00,0
2026-07-28,14789,C-07171,organic,SPRING15,56.13,3.69,0
2026-07-28,14792,C-07128,paid_search,SPRING15,70.05,16.44,0
2026-07-28,14795,C-07119,paid_search,SAVE20,59.75,13.74,0
2026-07-28,14796,C-07120,paid_search,SAVE20,62.07,24.02,0
2026-07-28,14797,C-05277,organic,,70.56,0.00,1
2026-07-28,14800,C-07166,organic,,75.42,0.00,0
2026-07-28,14801,C-07127,paid_search,WELCOME10,48.77,15.90,0
2026-07-28,14802,C-07139,marketplace,,68.65,0.00,0
2026-07-28,14803,C-00450,email,,67.55,0.00,0
2026-07-28,14804,C-07160,email,WELCOME10,40.18,4.73,1
2026-07-28,14806,C-07141,marketplace,SPRING15,59.21,11.12,0
2026-07-28,14807,C-07125,paid_search,SPRING15,63.98,15.59,0
2026-07-28,14808,C-07145,marketplace,,80.12,0.00,0
2026-07-28,14809,C-07155,email,,53.22,0.00,0
2026-07-28,14810,C-00268,marketplace,SAVE20,44.17,2.51,0
2026-07-28,14811,C-07130,paid_search,,88.09,0.00,1
2026-07-28,14812,C-04017,email,,53.08,0.00,0
2026-07-28,14813,C-07165,organic,,47.05,0.00,0
2026-07-28,14815,C-04487,marketplace,,57.35,0.00,1
2026-07-28,14817,C-07137,marketplace,,44.96,0.00,0
2026-07-28,14820,C-02031,marketplace,,45.77,0.00,0
2026-07-28,14821,C-05699,marketplace,,70.72,0.00,0
2026-07-28,14823,C-05606,organic,,58.71,0.00,0
2026-07-28,14826,C-07172,organic,,66.13,0.00,0
2026-07-28,14827,C-07104,paid_search,,79.16,0.00,1
2026-07-28,14828,C-06075,paid_search,,64.20,0.00,0
2026-07-28,14829,C-07112,paid_search,SAVE20,54.27,17.13,0
2026-07-28,14830,C-07129,paid_search,THANKYOU5,59.60,20.17,0
2026-07-28,14833,C-07117,paid_search,THANKYOU5,43.65,18.02,1
2026-07-28,14834,C-07148,marketplace,WELCOME10,63.06,9.30,0
2026-07-28,14835,C-07162,email,,69.97,0.00,0
2026-07-28,14836,C-04799,paid_search,,61.62,0.00,1
2026-07-28,14837,C-07135,marketplace,SAVE20,71.36,8.85,0
2026-07-28,14838,C-07132,marketplace,,63.00,0.00,1
2026-07-28,14841,C-05659,organic,,46.63,0.00,0
2026-07-28,14842,C-07144,marketplace,,60.86,0.00,0
2026-07-28,14843,C-03167,email,WELCOME10,57.33,6.89,0
2026-07-28,14844,C-07142,marketplace,,68.47,0.00,0
2026-07-28,14845,C-07163,email,SAVE20,53.55,3.07,0
2026-07-28,14846,C-07133,marketplace,SPRING15,65.32,11.84,0
2026-07-28,14847,C-03076,email,,76.89,0.00,0
2026-07-28,14849,C-02777,organic,SAVE20,43.61,4.70,1
2026-07-28,14851,C-07157,email,,72.99,0.00,0
2026-07-28,14854,C-05532,marketplace,,71.05,0.00,0
2026-07-28,14855,C-02133,email,,67.00,0.00,0
2026-07-28,14856,C-07169,organic,THANKYOU5,53.75,7.59,0
2026-07-28,14857,C-00917,email,,97.32,0.00,0
2026-07-28,14858,C-07136,marketplace,WELCOME10,39.36,8.53,0
2026-07-28,14861,C-04828,organic,,76.37,0.00,0
2026-07-28,14863,C-07107,paid_search,,92.23,0.00,1
2026-07-28,14864,C-07159,email,,40.86,0.00,0
2026-07-28,14865,C-07154,email,,46.91,0.00,1
2026-07-28,14866,C-03503,email,SAVE20,72.85,10.65,0
2026-07-28,14869,C-07153,email,,68.91,0.00,0
2026-07-28,14870,C-03851,email,,72.97,0.00,1
2026-07-28,14871,C-07108,paid_search,,83.27,0.00,1
2026-07-28,14874,C-05969,marketplace,,70.43,0.00,0
2026-07-28,14877,C-01183,email,,84.52,0.00,0
2026-07-28,14878,C-02330,organic,,74.92,0.00,0
2026-07-28,14880,C-07105,paid_search,SAVE20,49.13,19.62,0
2026-07-28,14881,C-07124,paid_search,THANKYOU5,64.25,18.62,1
2026-07-28,14883,C-07106,paid_search,WELCOME10,65.83,24.22,0
2026-07-28,14885,C-07123,paid_search,SPRING15,71.63,19.39,0
2026-07-28,14888,C-07134,marketplace,,58.67,0.00,0
2026-07-28,14889,C-07167,organic,,78.60,0.00,0
2026-07-28,14890,C-04768,email,WELCOME10,51.05,4.38,0
2026-07-28,14891,C-01716,paid_search,,58.26,0.00,1
2026-07-28,14892,C-07110,paid_search,THANKYOU5,69.64,20.82,1
2026-07-28,14893,C-07122,paid_search,THANKYOU5,48.34,12.48,0
2026-07-28,14894,C-07118,paid_search,WELCOME10,66.96,15.69,1
2026-07-28,14895,C-07140,marketplace,,70.93,0.00,1
2026-07-28,14896,C-07149,marketplace,,58.76,0.00,0
2026-07-28,14897,C-03807,email,SAVE20,50.05,6.76,0
2026-07-28,14898,C-07121,paid_search,,95.27,0.00,1
2026-07-28,14901,C-04986,marketplace,THANKYOU5,37.04,6.24,1
2026-07-28,14902,C-07152,email,,67.64,0.00,0
2026-07-28,14904,C-05356,marketplace,,74.07,0.00,0
2026-07-28,14905,C-07138,marketplace,,80.69,0.00,1
2026-07-28,14908,C-07116,paid_search,SPRING15,69.78,16.54,0
2026-07-28,14909,C-07161,email,,55.39,0.00,0
2026-07-28,14910,C-05101,email,SAVE20,85.75,10.12,0
2026-07-28,14911,C-07113,paid_search,,89.35,0.00,0
2026-07-28,14912,C-03413,paid_search,,41.90,0.00,0
2026-07-28,14913,C-05040,paid_search,,73.42,0.00,0
2026-07-28,14914,C-06030,organic,,84.76,0.00,0
2026-07-28,14917,C-00039,marketplace,,68.62,0.00,0
2026-07-28,14919,C-07156,email,SAVE20,49.32,7.05,0
2026-07-28,14920,C-07143,marketplace,SAVE20,60.96,8.64,0
2026-07-28,14921,C-02283,email,,58.11,0.00,0
2026-07-28,14924,C-07131,paid_search,SPRING15,50.81,16.13,0
2026-07-28,14925,C-07150,marketplace,,61.57,0.00,0
2026-07-28,14926,C-00160,marketplace,,53.52,0.00,1
2026-07-28,14927,C-04275,marketplace,,46.99,0.00,0
2026-07-28,14928,C-07114,paid_search,THANKYOU5,62.39,17.40,1
2026-07-28,14929,C-07126,paid_search,,94.63,0.00,1
2026-07-28,14930,C-07158,email,,71.87,0.00,0
2026-07-28,14931,C-07164,organic,SAVE20,47.99,7.54,0
2026-07-28,14933,C-01512,email,,48.12,0.00,0
2026-07-28,14934,C-07115,paid_search,SAVE20,52.68,12.07,0
2026-07-28,14935,C-07170,organic,,37.16,0.00,0
2026-07-28,14937,C-07168,organic,WELCOME10,61.80,9.67,1
2026-07-28,14938,C-00645,paid_search,,51.60,0.00,0
2026-07-28,14940,C-07147,marketplace,,50.42,0.00,0
2026-07-28,14943,C-07109,paid_search,SPRING15,62.17,18.03,0
2026-07-29,14944,C-07196,marketplace,,59.32,0.00,0
2026-07-29,14945,C-00038,email,,83.06,0.00,0
2026-07-29,14947,C-02726,email,,75.81,0.00,0
2026-07-29,14948,C-04866,marketplace,,57.77,0.00,0
2026-07-29,14949,C-07180,paid_search,SAVE20,63.05,23.32,0
2026-07-29,14951,C-07197,marketplace,SPRING15,44.63,5.98,0
2026-07-29,14952,C-07204,marketplace,,49.40,0.00,0
2026-07-29,14954,C-07222,organic,,61.41,0.00,0
2026-07-29,14955,C-07203,marketplace,,63.34,0.00,0
2026-07-29,14956,C-07189,paid_search,SPRING15,63.53,26.50,0
2026-07-29,14959,C-07173,paid_search,THANKYOU5,71.69,21.84,0
2026-07-29,14960,C-07223,organic,,39.16,0.00,0
2026-07-29,14961,C-07183,paid_search,SAVE20,43.20,13.34,0
2026-07-29,14962,C-00405,email,,68.26,0.00,0
2026-07-29,14963,C-07210,email,,58.99,0.00,0
2026-07-29,14964,C-07182,paid_search,,81.59,0.00,0
2026-07-29,14965,C-07218,email,THANKYOU5,34.66,4.87,0
2026-07-29,14967,C-01711,email,SPRING15,77.31,5.02,0
2026-07-29,14970,C-07227,organic,,62.40,0.00,0
2026-07-29,14972,C-04172,marketplace,,77.59,0.00,0
2026-07-29,14973,C-00255,email,,75.35,0.00,0
2026-07-29,14975,C-07208,email,,71.44,0.00,0
2026-07-29,14976,C-01662,email,WELCOME10,81.58,6.81,0
2026-07-29,14977,C-07209,email,,65.23,0.00,0
2026-07-29,14978,C-07198,marketplace,,46.38,0.00,0
2026-07-29,14981,C-02924,organic,,48.21,0.00,0
2026-07-29,14984,C-04284,email,,95.53,0.00,0
2026-07-29,14985,C-07184,paid_search,SAVE20,46.78,19.70,0
2026-07-29,14988,C-07226,organic,WELCOME10,37.17,2.18,0
2026-07-29,14991,C-07220,organic,,57.57,0.00,0
2026-07-29,14993,C-07186,paid_search,THANKYOU5,57.20,22.46,0
2026-07-29,14995,C-02655,paid_search,,72.88,0.00,1
2026-07-29,14996,C-07215,email,,64.30,0.00,1
2026-07-29,14997,C-07205,marketplace,,79.60,0.00,0
2026-07-29,14998,C-03844,marketplace,,64.51,0.00,0
2026-07-29,14999,C-07219,email,WELCOME10,66.41,5.69,0
2026-07-29,15000,C-07195,marketplace,,73.45,0.00,0
2026-07-29,15002,C-07188,paid_search,,77.11,0.00,0
2026-07-29,15004,C-07177,paid_search,SPRING15,48.03,12.00,0
2026-07-29,15007,C-07176,paid_search,SAVE20,69.39,20.09,1
2026-07-29,15008,C-07179,paid_search,,69.95,0.00,0
2026-07-29,15009,C-04347,email,,91.79,0.00,0
2026-07-29,15010,C-05483,organic,,47.09,0.00,0
2026-07-29,15011,C-02577,organic,,88.23,0.00,0
2026-07-29,15012,C-07216,email,,71.28,0.00,0
2026-07-29,15013,C-01393,email,,75.08,0.00,0
2026-07-29,15014,C-06240,marketplace,,47.87,0.00,0
2026-07-29,15015,C-05317,marketplace,,82.67,0.00,0
2026-07-29,15018,C-07178,paid_search,SAVE20,59.01,18.67,0
2026-07-29,15019,C-07190,paid_search,THANKYOU5,50.58,18.70,1
2026-07-29,15020,C-04008,paid_search,,65.22,0.00,1
2026-07-29,15021,C-07229,organic,THANKYOU5,59.94,9.37,0
2026-07-29,15022,C-07174,paid_search,,91.71,0.00,0
2026-07-29,15023,C-07213,email,,50.36,0.00,0
2026-07-29,15025,C-06387,email,,74.85,0.00,0
2026-07-29,15026,C-05337,organic,,74.32,0.00,0
2026-07-29,15027,C-07194,paid_search,THANKYOU5,52.49,19.16,0
2026-07-29,15028,C-07207,marketplace,,56.54,0.00,0
2026-07-29,15031,C-03194,marketplace,,53.47,0.00,0
2026-07-29,15034,C-07192,paid_search,THANKYOU5,66.02,17.87,0
2026-07-29,15036,C-07193,paid_search,THANKYOU5,63.80,16.95,0
2026-07-29,15037,C-06134,marketplace,,66.12,0.00,0
2026-07-29,15038,C-01615,paid_search,,96.51,0.00,0
2026-07-29,15040,C-07214,email,,69.34,0.00,0
2026-07-29,15042,C-07206,marketplace,SPRING15,41.94,9.44,0
2026-07-29,15043,C-07201,marketplace,,74.84,0.00,0
2026-07-29,15044,C-04339,email,WELCOME10,53.27,3.24,0
2026-07-29,15045,C-07185,paid_search,SAVE20,67.17,17.39,0
2026-07-29,15046,C-07217,email,,64.27,0.00,0
2026-07-29,15049,C-03951,email,SAVE20,49.93,6.06,0
2026-07-29,15051,C-03958,email,SPRING15,53.85,6.15,0
2026-07-29,15052,C-02273,marketplace,,63.71,0.00,0
2026-07-29,15053,C-07228,organic,,50.61,0.00,0
2026-07-29,15056,C-05908,email,,99.44,0.00,0
2026-07-29,15057,C-05895,marketplace,,69.13,0.00,1
2026-07-29,15058,C-07212,email,,65.86,0.00,0
2026-07-29,15059,C-05611,email,,69.81,0.00,0
2026-07-29,15062,C-05564,paid_search,,71.39,0.00,0
2026-07-29,15063,C-07199,marketplace,,71.06,0.00,0
2026-07-29,15064,C-07191,paid_search,THANKYOU5,55.46,15.01,0
2026-07-29,15065,C-07175,paid_search,,69.52,0.00,0
2026-07-29,15066,C-07200,marketplace,,81.61,0.00,0
2026-07-29,15067,C-02183,email,THANKYOU5,76.68,5.85,0
2026-07-29,15068,C-07181,paid_search,THANKYOU5,54.46,23.11,0
2026-07-29,15069,C-07224,organic,,51.38,0.00,0
2026-07-29,15070,C-07211,email,WELCOME10,63.35,6.79,0
2026-07-29,15073,C-05592,paid_search,,89.58,0.00,0
2026-07-29,15074,C-07225,organic,,36.88,0.00,1
2026-07-29,15077,C-00094,email,WELCOME10,80.77,5.03,0
2026-07-29,15078,C-03455,email,SAVE20,51.33,5.72,0
2026-07-29,15079,C-02413,paid_search,,56.06,0.00,1
2026-07-29,15080,C-04577,organic,,62.93,0.00,0
2026-07-29,15082,C-07221,organic,,50.16,0.00,0
2026-07-29,15083,C-00118,paid_search,,45.57,0.00,0
2026-07-29,15086,C-07187,paid_search,WELCOME10,59.83,15.49,0
2026-07-29,15087,C-01052,marketplace,,51.92,0.00,0
2026-07-29,15089,C-07202,marketplace,SAVE20,59.47,8.89,0
2026-07-30,15090,C-07283,organic,,70.03,0.00,0
2026-07-30,15091,C-07276,email,,60.29,0.00,1
2026-07-30,15092,C-00162,email,THANKYOU5,66.94,11.27,0
2026-07-30,15094,C-07266,email,,59.72,0.00,0
2026-07-30,15097,C-07250,paid_search,WELCOME10,55.53,17.21,0
2026-07-30,15100,C-07249,paid_search,SAVE20,46.60,11.77,0
2026-07-30,15101,C-05797,email,SPRING15,53.15,3.80,0
2026-07-30,15102,C-07243,paid_search,SAVE20,47.80,10.65,1
2026-07-30,15103,C-07263,marketplace,,72.62,0.00,0
2026-07-30,15104,C-07291,organic,SAVE20,51.54,5.45,1
2026-07-30,15107,C-07255,marketplace,,61.91,0.00,0
2026-07-30,15108,C-05524,email,,72.94,0.00,0
2026-07-30,15109,C-07256,marketplace,,56.72,0.00,0
2026-07-30,15111,C-00959,marketplace,,60.30,0.00,0
2026-07-30,15114,C-07252,paid_search,THANKYOU5,65.03,26.10,1
2026-07-30,15116,C-04198,email,THANKYOU5,62.74,4.54,0
2026-07-30,15119,C-04943,organic,,72.97,0.00,0
2026-07-30,15120,C-07239,paid_search,WELCOME10,54.61,13.83,1
2026-07-30,15122,C-07280,email,,55.38,0.00,0
2026-07-30,15123,C-07270,email,,42.04,0.00,0
2026-07-30,15124,C-01835,organic,,73.64,0.00,0
2026-07-30,15125,C-07233,paid_search,WELCOME10,59.94,13.97,1
2026-07-30,15126,C-07274,email,THANKYOU5,50.69,3.78,0
2026-07-30,15127,C-01832,email,,75.16,0.00,0
2026-07-30,15128,C-07278,email,SAVE20,47.76,7.95,0
2026-07-30,15129,C-07247,paid_search,THANKYOU5,71.06,24.43,0
2026-07-30,15130,C-07257,marketplace,,51.55,0.00,1
2026-07-30,15132,C-07248,paid_search,SAVE20,53.10,12.12,0
2026-07-30,15135,C-07285,organic,,64.08,0.00,0
2026-07-30,15136,C-07258,marketplace,SPRING15,56.57,9.30,0
2026-07-30,15139,C-07268,email,WELCOME10,63.91,9.73,0
2026-07-30,15140,C-07240,paid_search,,66.35,0.00,0
2026-07-30,15143,C-07261,marketplace,,81.05,0.00,1
2026-07-30,15144,C-02274,marketplace,,48.88,0.00,0
2026-07-30,15145,C-04744,paid_search,,51.81,0.00,1
2026-07-30,15146,C-07269,email,THANKYOU5,55.53,3.20,0
2026-07-30,15147,C-07265,marketplace,THANKYOU5,63.18,14.96,0
2026-07-30,15148,C-07232,paid_search,WELCOME10,67.89,15.21,0
2026-07-30,15149,C-01066,email,THANKYOU5,49.87,5.58,1
2026-07-30,15150,C-07288,organic,WELCOME10,52.79,4.45,0
2026-07-30,15151,C-07264,marketplace,SAVE20,34.33,7.20,0
2026-07-30,15152,C-07267,email,,69.08,0.00,0
2026-07-30,15154,C-07277,email,,45.22,0.00,0
2026-07-30,15155,C-01465,email,,75.48,0.00,0
2026-07-30,15156,C-06034,email,,109.05,0.00,0
2026-07-30,15159,C-07279,email,,61.71,0.00,0
2026-07-30,15160,C-07290,organic,WELCOME10,51.49,3.05,0
2026-07-30,15161,C-05645,organic,,47.71,0.00,0
2026-07-30,15162,C-05466,marketplace,,79.48,0.00,1
2026-07-30,15163,C-05481,email,,78.40,0.00,0
2026-07-30,15164,C-07238,paid_search,WELCOME10,57.66,23.23,0
2026-07-30,15165,C-07231,paid_search,WELCOME10,53.85,20.97,1
2026-07-30,15166,C-07272,email,THANKYOU5,44.68,7.34,0
2026-07-30,15167,C-00565,marketplace,SAVE20,61.16,5.12,0
2026-07-30,15170,C-07273,email,,69.13,0.00,1
2026-07-30,15171,C-04312,paid_search,SPRING15,39.46,6.75,0
2026-07-30,15174,C-07287,organic,,66.42,0.00,0
2026-07-30,15175,C-02022,paid_search,SAVE20,41.28,6.38,1
2026-07-30,15178,C-07284,organic,,56.03,0.00,1
2026-07-30,15179,C-07241,paid_search,,78.60,0.00,1
2026-07-30,15180,C-03470,organic,,67.41,0.00,0
2026-07-30,15181,C-04623,paid_search,,43.45,0.00,0
2026-07-30,15182,C-05015,paid_search,,73.38,0.00,1
2026-07-30,15183,C-07271,email,WELCOME10,54.44,4.87,0
2026-07-30,15184,C-03941,paid_search,,55.74,0.00,0
2026-07-30,15185,C-02282,email,,87.08,0.00,0
2026-07-30,15187,C-07235,paid_search,SAVE20,50.68,14.89,1
2026-07-30,15188,C-05705,email,,54.70,0.00,0
2026-07-30,15189,C-07230,paid_search,SPRING15,52.11,20.04,1
2026-07-30,15190,C-01188,email,SPRING15,81.99,6.65,0
2026-07-30,15191,C-07260,marketplace,,50.34,0.00,0
2026-07-30,15192,C-06180,marketplace,,47.35,0.00,0
2026-07-30,15193,C-03306,paid_search,,54.28,0.00,0
2026-07-30,15196,C-07234,paid_search,WELCOME10,62.40,20.44,0
2026-07-30,15197,C-07251,paid_search,SAVE20,68.70,22.01,1
2026-07-30,15198,C-07286,organic,,55.14,0.00,0
2026-07-30,15200,C-03015,marketplace,SPRING15,79.35,4.23,0
2026-07-30,15201,C-02221,paid_search,,71.73,0.00,0
2026-07-30,15202,C-05143,marketplace,,55.28,0.00,0
2026-07-30,15203,C-07236,paid_search,SAVE20,56.48,12.92,0
2026-07-30,15206,C-07242,paid_search,THANKYOU5,62.67,21.19,0
2026-07-30,15207,C-07282,organic,,46.55,0.00,0
2026-07-30,15208,C-01186,email,SPRING15,67.21,4.71,0
2026-07-30,15210,C-07244,paid_search,SPRING15,48.59,18.77,0
2026-07-30,15211,C-07281,organic,,49.36,0.00,0
2026-07-30,15212,C-07259,marketplace,,45.73,0.00,1
2026-07-30,15215,C-07237,paid_search,,87.60,0.00,0
2026-07-30,15216,C-04724,organic,,65.49,0.00,0
2026-07-30,15219,C-05117,paid_search,,45.61,0.00,1
2026-07-30,15220,C-07275,email,WELCOME10,34.26,5.03,0
2026-07-30,15222,C-07254,marketplace,,55.75,0.00,0
2026-07-30,15223,C-07246,paid_search,,75.29,0.00,0
2026-07-30,15224,C-07253,paid_search,,83.49,0.00,1
2026-07-30,15225,C-07262,marketplace,,50.12,0.00,0
2026-07-30,15226,C-07245,paid_search,THANKYOU5,51.92,14.47,0
2026-07-30,15228,C-07289,organic,,41.96,0.00,0
2026-07-30,15229,C-03960,email,WELCOME10,60.73,8.98,0
2026-07-30,15232,C-05089,organic,,67.55,0.00,0
2026-07-31,15233,C-07337,email,WELCOME10,46.99,5.15,0
2026-07-31,15236,C-07302,paid_search,WELCOME10,46.63,14.25,0
2026-07-31,15237,C-07339,email,WELCOME10,57.61,5.54,0
2026-07-31,15238,C-07330,marketplace,,50.50,0.00,0
2026-07-31,15240,C-03275,email,,75.32,0.00,0
2026-07-31,15241,C-07357,organic,,78.83,0.00,0
2026-07-31,15243,C-05685,marketplace,WELCOME10,62.86,7.49,1
2026-07-31,15245,C-07323,marketplace,SPRING15,54.14,8.00,0
2026-07-31,15246,C-07334,marketplace,,42.78,0.00,0
2026-07-31,15247,C-07335,marketplace,,64.65,0.00,0
2026-07-31,15250,C-05256,marketplace,,78.02,0.00,1
2026-07-31,15251,C-07326,marketplace,,69.93,0.00,1
2026-07-31,15253,C-07341,email,,47.07,0.00,0
2026-07-31,15255,C-07300,paid_search,SPRING15,63.52,19.61,0
2026-07-31,15256,C-07296,paid_search,,82.72,0.00,0
2026-07-31,15257,C-07351,email,,50.37,0.00,0
2026-07-31,15258,C-07312,paid_search,,60.51,0.00,0
2026-07-31,15259,C-07354,organic,,50.34,0.00,0
2026-07-31,15261,C-05146,email,,61.36,0.00,1
2026-07-31,15262,C-07301,paid_search,THANKYOU5,47.12,19.68,0
2026-07-31,15265,C-07333,marketplace,,55.03,0.00,0
2026-07-31,15266,C-07350,email,,64.29,0.00,1
2026-07-31,15268,C-07319,paid_search,THANKYOU5,50.42,11.52,0
2026-07-31,15269,C-07342,email,,69.27,0.00,0
2026-07-31,15272,C-07348,email,SAVE20,42.92,6.92,0
2026-07-31,15274,C-07303,paid_search,SPRING15,61.49,20.54,1
2026-07-31,15275,C-03310,paid_search,,55.94,0.00,1
2026-07-31,15276,C-07353,email,,69.54,0.00,0
2026-07-31,15277,C-07315,paid_search,WELCOME10,75.71,17.45,0
2026-07-31,15278,C-05972,email,,46.98,0.00,0
2026-07-31,15279,C-07297,paid_search,SPRING15,50.24,11.94,0
2026-07-31,15280,C-04139,organic,,55.86,0.00,0
2026-07-31,15281,C-07328,marketplace,,57.82,0.00,0
2026-07-31,15284,C-04505,email,,59.19,0.00,0
2026-07-31,15287,C-07329,marketplace,,52.63,0.00,0
2026-07-31,15289,C-04772,paid_search,,74.15,0.00,1
2026-07-31,15290,C-07317,paid_search,SAVE20,75.12,17.87,1
2026-07-31,15291,C-07305,paid_search,WELCOME10,62.40,22.54,1
2026-07-31,15294,C-07349,email,WELCOME10,48.05,6.36,0
2026-07-31,15296,C-07311,paid_search,THANKYOU5,63.31,17.87,0
2026-07-31,15299,C-01076,marketplace,,87.91,0.00,0
2026-07-31,15302,C-07293,paid_search,WELCOME10,49.97,14.05,0
2026-07-31,15303,C-01517,organic,,50.56,0.00,0
2026-07-31,15304,C-04989,organic,,59.67,0.00,0
2026-07-31,15307,C-07338,email,,72.09,0.00,0
2026-07-31,15308,C-02421,marketplace,,72.68,0.00,0
2026-07-31,15309,C-02056,paid_search,,103.28,0.00,0
2026-07-31,15310,C-07346,email,SPRING15,48.05,3.92,0
2026-07-31,15312,C-07314,paid_search,SAVE20,72.91,19.22,1
2026-07-31,15314,C-07358,organic,,58.82,0.00,0
2026-07-31,15315,C-03469,organic,THANKYOU5,62.81,8.84,1
2026-07-31,15318,C-07327,marketplace,,76.86,0.00,1
2026-07-31,15319,C-07304,paid_search,THANKYOU5,48.28,13.31,0
2026-07-31,15321,C-05185,organic,,69.89,0.00,0
2026-07-31,15322,C-02176,email,,58.27,0.00,0
2026-07-31,15325,C-07352,email,,47.95,0.00,0
2026-07-31,15328,C-07294,paid_search,SPRING15,53.40,15.59,0
2026-07-31,15330,C-02775,email,,75.07,0.00,0
2026-07-31,15332,C-00449,paid_search,,59.18,0.00,1
2026-07-31,15334,C-04331,marketplace,,70.54,0.00,0
2026-07-31,15335,C-07299,paid_search,WELCOME10,55.25,19.93,0
2026-07-31,15336,C-07316,paid_search,SAVE20,52.22,21.63,0
2026-07-31,15337,C-07356,organic,,73.69,0.00,0
2026-07-31,15338,C-07332,marketplace,,65.29,0.00,0
2026-07-31,15339,C-07298,paid_search,SPRING15,65.98,20.39,1
2026-07-31,15340,C-02736,organic,,80.90,0.00,0
2026-07-31,15341,C-07347,email,,54.92,0.00,0
2026-07-31,15342,C-07313,paid_search,SPRING15,60.70,25.01,0
2026-07-31,15343,C-07344,email,,55.18,0.00,0
2026-07-31,15344,C-02212,marketplace,,59.35,0.00,0
2026-07-31,15346,C-03266,marketplace,,74.51,0.00,0
2026-07-31,15347,C-05430,paid_search,,65.72,0.00,1
2026-07-31,15349,C-07320,paid_search,SPRING15,54.41,17.13,1
2026-07-31,15352,C-07324,marketplace,SPRING15,43.63,7.04,0
2026-07-31,15354,C-07295,paid_search,WELCOME10,68.51,15.05,0
2026-07-31,15355,C-07343,email,,68.65,0.00,0
2026-07-31,15357,C-07359,organic,,50.85,0.00,0
2026-07-31,15358,C-07321,paid_search,SAVE20,44.45,16.01,0
2026-07-31,15361,C-07318,paid_search,WELCOME10,67.63,23.05,0
2026-07-31,15362,C-07325,marketplace,WELCOME10,59.00,12.12,0
2026-07-31,15363,C-04819,organic,THANKYOU5,40.38,2.23,0
2026-07-31,15364,C-02427,email,,60.90,0.00,0
2026-07-31,15366,C-03777,marketplace,,53.51,0.00,0
2026-07-31,15367,C-07310,paid_search,THANKYOU5,45.58,17.01,0
2026-07-31,15368,C-07331,marketplace,,74.65,0.00,0
2026-07-31,15371,C-07309,paid_search,SPRING15,52.44,18.53,0
2026-07-31,15372,C-07308,paid_search,THANKYOU5,64.42,17.14,1
2026-07-31,15374,C-07336,email,THANKYOU5,47.00,4.45,0
2026-07-31,15375,C-07345,email,,68.67,0.00,0
2026-07-31,15376,C-05263,paid_search,,109.12,0.00,1
2026-07-31,15377,C-07340,email,THANKYOU5,57.31,3.57,1
2026-07-31,15378,C-02522,email,,55.85,0.00,0
2026-07-31,15379,C-07355,organic,,48.46,0.00,0
2026-07-31,15381,C-00163,email,,105.34,0.00,0
2026-07-31,15382,C-07322,marketplace,,65.18,0.00,0
2026-07-31,15383,C-07306,paid_search,SAVE20,70.37,20.25,0
2026-07-31,15384,C-07292,paid_search,,93.82,0.00,1
2026-07-31,15385,C-02774,marketplace,WELCOME10,56.52,7.15,0
2026-07-31,15386,C-02776,email,,82.58,0.00,0
2026-07-31,15387,C-07307,paid_search,SAVE20,51.71,18.57,0
2026-07-31,15388,C-00470,paid_search,WELCOME10,66.58,3.80,1
2026-07-31,15390,C-02380,email,,109.91,0.00,0
2026-07-31,15391,C-01287,email,,84.47,0.00,0
2026-07-31,15394,C-02420,marketplace,,65.23,0.00,0
2026-07-31,15395,C-01395,paid_search,,90.44,0.00,0
2026-07-31,15396,C-00363,email,,82.88,0.00,0
2026-08-01,15397,C-07400,organic,,69.26,0.00,0
2026-08-01,15398,C-07362,paid_search,SAVE20,53.12,19.79,1
2026-08-01,15399,C-07360,paid_search,SAVE20,57.88,23.48,0
2026-08-01,15402,C-07361,paid_search,SAVE20,68.93,26.02,1
2026-08-01,15403,C-07368,paid_search,SAVE20,63.41,17.84,0
2026-08-01,15404,C-04117,marketplace,,48.28,0.00,0
2026-08-01,15407,C-04382,email,,77.54,0.00,0
2026-08-01,15409,C-07372,paid_search,SAVE20,64.81,21.47,0
2026-08-01,15410,C-07394,email,,71.72,0.00,0
2026-08-01,15411,C-02528,organic,,50.10,0.00,0
2026-08-01,15412,C-03276,email,,84.36,0.00,0
2026-08-01,15413,C-04299,organic,,62.82,0.00,0
2026-08-01,15414,C-00913,email,SPRING15,46.75,3.46,0
2026-08-01,15416,C-05169,paid_search,,42.23,0.00,1
2026-08-01,15418,C-07403,organic,,50.69,0.00,0
2026-08-01,15419,C-04637,marketplace,,70.27,0.00,0
2026-08-01,15420,C-05615,paid_search,,45.00,0.00,1
2026-08-01,15421,C-07377,marketplace,THANKYOU5,58.37,11.63,0
2026-08-01,15422,C-07389,email,,64.95,0.00,0
2026-08-01,15423,C-07364,paid_search,SPRING15,57.99,15.08,1
2026-08-01,15424,C-02835,paid_search,,54.10,0.00,0
2026-08-01,15425,C-07370,paid_search,SAVE20,63.09,16.73,0
2026-08-01,15426,C-07379,marketplace,,81.63,0.00,0
2026-08-01,15427,C-02882,organic,,75.13,0.00,0
2026-08-01,15428,C-01992,email,,74.73,0.00,0
2026-08-01,15430,C-07381,marketplace,SAVE20,51.51,12.45,0
2026-08-01,15431,C-07397,email,,56.71,0.00,1
2026-08-01,15433,C-04827,marketplace,,56.08,0.00,0
2026-08-01,15434,C-04608,email,,67.10,0.00,0
2026-08-01,15435,C-04187,email,,101.80,0.00,0
2026-08-01,15436,C-07383,marketplace,,62.33,0.00,0
2026-08-01,15437,C-07380,marketplace,,77.48,0.00,1
2026-08-01,15438,C-01886,marketplace,,90.72,0.00,0
2026-08-01,15439,C-00208,marketplace,,49.38,0.00,0
2026-08-01,15440,C-07390,email,THANKYOU5,36.92,5.44,0
2026-08-01,15441,C-02630,organic,,84.96,0.00,0
2026-08-01,15442,C-04231,email,,64.32,0.00,0
2026-08-01,15443,C-05100,email,,57.55,0.00,0
2026-08-01,15445,C-07363,paid_search,SPRING15,60.94,15.79,1
2026-08-01,15446,C-07371,paid_search,SAVE20,52.20,16.50,0
2026-08-01,15447,C-06031,email,,67.27,0.00,0
2026-08-01,15448,C-07369,paid_search,THANKYOU5,61.29,20.49,0
2026-08-01,15449,C-04791,paid_search,,46.69,0.00,0
2026-08-01,15451,C-07373,paid_search,SAVE20,71.77,21.15,0
2026-08-01,15452,C-07365,paid_search,SPRING15,53.24,17.97,0
2026-08-01,15455,C-07395,email,,43.23,0.00,0
2026-08-01,15456,C-07396,email,,39.56,0.00,0
2026-08-01,15457,C-03641,marketplace,SPRING15,47.15,4.12,0
2026-08-01,15458,C-01697,marketplace,SPRING15,72.23,8.86,0
2026-08-01,15460,C-00314,email,,90.57,0.00,0
2026-08-01,15463,C-07388,email,,45.96,0.00,0
2026-08-01,15464,C-07376,paid_search,WELCOME10,64.27,24.66,0
2026-08-01,15465,C-07367,paid_search,SPRING15,58.63,12.95,0
2026-08-01,15466,C-07401,organic,SAVE20,38.66,6.29,0
2026-08-01,15467,C-07391,email,,59.41,0.00,0
2026-08-01,15468,C-07398,organic,,66.27,0.00,0
2026-08-01,15469,C-07402,organic,,68.89,0.00,0
2026-08-01,15470,C-07387,marketplace,,74.20,0.00,0
2026-08-01,15472,C-07393,email,,69.43,0.00,0
2026-08-01,15473,C-07378,marketplace,,60.71,0.00,0
2026-08-01,15474,C-07366,paid_search,SAVE20,74.15,19.21,1
2026-08-01,15475,C-02783,paid_search,,74.33,0.00,1
2026-08-01,15477,C-01837,email,,87.50,0.00,0
2026-08-01,15479,C-04938,marketplace,,59.27,0.00,0
2026-08-01,15480,C-07374,paid_search,WELCOME10,50.12,14.45,0
2026-08-01,15482,C-07385,marketplace,,78.95,0.00,1
2026-08-01,15483,C-02349,organic,,52.34,0.00,0
2026-08-01,15484,C-03614,organic,,44.21,0.00,0
2026-08-01,15485,C-07375,paid_search,THANKYOU5,66.65,22.04,1
2026-08-01,15486,C-03938,marketplace,,61.41,0.00,0
2026-08-01,15487,C-07384,marketplace,,55.06,0.00,0
2026-08-01,15488,C-07386,marketplace,SPRING15,39.75,4.69,0
2026-08-01,15490,C-07382,marketplace,SPRING15,37.29,8.24,0
2026-08-01,15491,C-07399,organic,,41.61,0.00,1
2026-08-01,15493,C-02613,email,WELCOME10,84.62,9.40,0
2026-08-01,15494,C-07392,email,,47.82,0.00,0
2026-08-01,15497,C-06396,organic,,57.32,0.00,0
2026-08-02,15498,C-07453,organic,,56.17,0.00,0
2026-08-02,15500,C-00621,marketplace,,61.46,0.00,1
2026-08-02,15501,C-07433,marketplace,SAVE20,41.14,7.52,1
2026-08-02,15502,C-05636,marketplace,,48.19,0.00,0
2026-08-02,15503,C-03856,email,,55.73,0.00,0
2026-08-02,15504,C-07410,paid_search,WELCOME10,62.72,19.43,1
2026-08-02,15505,C-07404,paid_search,,64.59,0.00,1
2026-08-02,15508,C-07416,paid_search,WELCOME10,63.18,20.84,0
2026-08-02,15510,C-05319,email,WELCOME10,60.78,7.16,0
2026-08-02,15512,C-07431,marketplace,SAVE20,63.18,13.12,0
2026-08-02,15514,C-01665,email,,66.42,0.00,0
2026-08-02,15516,C-04824,email,,83.86,0.00,0
2026-08-02,15519,C-02564,email,,88.17,0.00,0
2026-08-02,15520,C-07447,email,,54.54,0.00,0
2026-08-02,15521,C-07445,email,,52.42,0.00,0
2026-08-02,15522,C-03221,email,,57.77,0.00,0
2026-08-02,15525,C-07414,paid_search,,92.83,0.00,0
2026-08-02,15526,C-00911,email,,46.81,0.00,0
2026-08-02,15529,C-01457,marketplace,,85.91,0.00,0
2026-08-02,15530,C-07448,email,,44.69,0.00,0
2026-08-02,15532,C-03170,email,,88.94,0.00,0
2026-08-02,15533,C-07430,marketplace,,72.73,0.00,0
2026-08-02,15534,C-03370,paid_search,,66.24,0.00,0
2026-08-02,15536,C-07456,organic,,67.39,0.00,0
2026-08-02,15537,C-07438,marketplace,,64.42,0.00,0
2026-08-02,15538,C-07452,email,,61.21,0.00,0
2026-08-02,15539,C-05241,marketplace,,56.48,0.00,0
2026-08-02,15540,C-07449,email,SPRING15,36.15,3.09,0
2026-08-02,15542,C-07412,paid_search,THANKYOU5,61.57,20.13,0
2026-08-02,15543,C-07440,email,,42.70,0.00,0
2026-08-02,15545,C-04821,marketplace,,84.78,0.00,1
2026-08-02,15546,C-07432,marketplace,WELCOME10,48.59,11.59,0
2026-08-02,15548,C-07421,paid_search,THANKYOU5,61.16,20.15,1
2026-08-02,15549,C-01386,marketplace,,80.10,0.00,0
2026-08-02,15552,C-07450,email,SAVE20,40.41,5.42,0
2026-08-02,15553,C-05048,organic,,82.46,0.00,0
2026-08-02,15554,C-07426,marketplace,,49.47,0.00,0
2026-08-02,15555,C-04514,organic,SPRING15,53.18,3.30,0
2026-08-02,15557,C-01946,organic,,89.15,0.00,0
2026-08-02,15558,C-07422,paid_search,,78.51,0.00,0
2026-08-02,15559,C-07415,paid_search,SPRING15,54.07,21.43,0
2026-08-02,15560,C-07455,organic,,66.59,0.00,0
2026-08-02,15561,C-07427,marketplace,,65.46,0.00,1
2026-08-02,15564,C-07451,email,,57.32,0.00,0
2026-08-02,15565,C-07405,paid_search,SPRING15,64.72,16.94,0
2026-08-02,15566,C-02384,email,SPRING15,48.31,7.98,0
2026-08-02,15567,C-07441,email,,52.55,0.00,0
2026-08-02,15570,C-07419,paid_search,,63.49,0.00,0
2026-08-02,15571,C-07409,paid_search,WELCOME10,70.25,25.11,0
2026-08-02,15573,C-07434,marketplace,,74.40,0.00,1
2026-08-02,15574,C-03166,email,,63.83,0.00,0
2026-08-02,15577,C-01181,email,,55.88,0.00,0
2026-08-02,15578,C-07443,email,,72.48,0.00,0
2026-08-02,15579,C-07425,marketplace,,66.94,0.00,0
2026-08-02,15580,C-07439,email,WELCOME10,54.54,5.96,0
2026-08-02,15583,C-00581,email,,81.53,0.00,0
2026-08-02,15584,C-06576,organic,SPRING15,43.32,2.56,0
2026-08-02,15587,C-07411,paid_search,,58.49,0.00,1
2026-08-02,15590,C-07436,marketplace,SPRING15,51.27,11.71,0
2026-08-02,15591,C-07444,email,,55.44,0.00,0
2026-08-02,15592,C-07418,paid_search,WELCOME10,59.93,17.59,1
2026-08-02,15593,C-07417,paid_search,WELCOME10,48.43,14.28,0
2026-08-02,15595,C-01469,organic,,75.53,0.00,0
2026-08-02,15596,C-07420,paid_search,SAVE20,49.51,12.33,0
2026-08-02,15597,C-03219,email,,105.27,0.00,0
2026-08-02,15598,C-05365,marketplace,,77.42,0.00,1
2026-08-02,15599,C-07413,paid_search,,77.74,0.00,0
2026-08-02,15602,C-02140,organic,,62.90,0.00,0
2026-08-02,15603,C-02686,organic,,54.15,0.00,0
2026-08-02,15604,C-01033,paid_search,,56.98,0.00,0
2026-08-02,15605,C-07454,organic,,77.36,0.00,0
2026-08-02,15608,C-07446,email,,57.54,0.00,0
2026-08-02,15609,C-03270,email,,68.46,0.00,0
2026-08-02,15611,C-02054,email,WELCOME10,78.41,4.20,0
2026-08-02,15614,C-07437,marketplace,THANKYOU5,53.70,9.42,0
2026-08-02,15615,C-07423,paid_search,WELCOME10,69.55,22.94,0
2026-08-02,15616,C-02322,paid_search,THANKYOU5,34.92,2.75,1
2026-08-02,15617,C-04873,marketplace,THANKYOU5,61.47,9.62,0
2026-08-02,15618,C-07424,paid_search,THANKYOU5,45.93,15.49,0
2026-08-02,15619,C-07406,paid_search,SAVE20,50.53,17.51,1
2026-08-02,15620,C-03875,paid_search,,66.91,0.00,1
2026-08-02,15621,C-07407,paid_search,THANKYOU5,61.99,21.30,1
2026-08-02,15622,C-01018,email,,57.14,0.00,0
2026-08-02,15625,C-05796,paid_search,,99.43,0.00,0
2026-08-02,15626,C-07408,paid_search,SPRING15,48.79,18.96,0
2026-08-02,15627,C-07457,organic,,44.38,0.00,0
2026-08-02,15628,C-02745,organic,,58.13,0.00,0
2026-08-02,15629,C-04566,email,,77.73,0.00,0
2026-08-02,15630,C-07428,marketplace,,44.64,0.00,0
2026-08-02,15632,C-01825,marketplace,,62.57,0.00,0
2026-08-02,15633,C-07435,marketplace,,79.00,0.00,0
2026-08-02,15634,C-07429,marketplace,,81.13,0.00,0
2026-08-02,15636,C-07442,email,,65.85,0.00,0
2026-08-03,15637,C-04066,marketplace,SAVE20,42.67,4.02,0
2026-08-03,15639,C-04565,email,,84.96,0.00,0
2026-08-03,15640,C-05237,marketplace,,59.26,0.00,0
2026-08-03,15641,C-07507,email,,56.09,0.00,0
2026-08-03,15643,C-07472,paid_search,WELCOME10,56.31,13.46,1
2026-08-03,15644,C-07485,paid_search,THANKYOU5,47.23,17.75,1
2026-08-03,15647,C-02050,email,,90.08,0.00,0
2026-08-03,15648,C-03340,email,,79.99,0.00,0
2026-08-03,15649,C-07478,paid_search,,56.54,0.00,0
2026-08-03,15650,C-06059,paid_search,,50.43,0.00,1
2026-08-03,15651,C-07510,email,,45.38,0.00,0
2026-08-03,15652,C-07520,email,,48.76,0.00,0
2026-08-03,15653,C-07473,paid_search,,57.78,0.00,0
2026-08-03,15656,C-07461,paid_search,WELCOME10,60.88,17.26,1
2026-08-03,15657,C-07487,paid_search,,58.85,0.00,0
2026-08-03,15658,C-07488,marketplace,,53.84,0.00,0
2026-08-03,15659,C-07497,marketplace,,61.97,0.00,0
2026-08-03,15662,C-00521,marketplace,,74.85,0.00,1
2026-08-03,15663,C-07516,email,,47.10,0.00,0
2026-08-03,15666,C-07477,paid_search,SPRING15,42.13,17.67,0
2026-08-03,15667,C-07513,email,,72.62,0.00,0
2026-08-03,15668,C-07503,marketplace,SPRING15,42.75,5.33,0
2026-08-03,15671,C-02869,organic,,74.53,0.00,0
2026-08-03,15672,C-07463,paid_search,WELCOME10,69.85,20.97,0
2026-08-03,15673,C-01391,email,,81.66,0.00,0
2026-08-03,15674,C-07486,paid_search,THANKYOU5,48.63,13.95,1
2026-08-03,15675,C-07498,marketplace,,68.56,0.00,1
2026-08-03,15676,C-01712,email,,45.96,0.00,0
2026-08-03,15678,C-00205,marketplace,,76.46,0.00,0
2026-08-03,15681,C-05497,paid_search,,41.30,0.00,0
2026-08-03,15682,C-03502,email,,95.37,0.00,0
2026-08-03,15683,C-07504,marketplace,,79.65,0.00,0
2026-08-03,15684,C-00972,email,,65.84,0.00,0
2026-08-03,15685,C-07462,paid_search,SPRING15,51.25,14.12,0
2026-08-03,15686,C-07501,marketplace,,41.47,0.00,0
2026-08-03,15687,C-07525,organic,,42.10,0.00,0
2026-08-03,15688,C-07529,organic,SPRING15,54.89,7.69,0
2026-08-03,15689,C-07494,marketplace,,53.91,0.00,0
2026-08-03,15690,C-07493,marketplace,,60.29,0.00,0
2026-08-03,15691,C-07512,email,,69.18,0.00,0
2026-08-03,15692,C-07506,marketplace,,77.66,0.00,0
2026-08-03,15693,C-07524,email,SPRING15,54.38,3.76,0
2026-08-03,15694,C-07518,email,SPRING15,49.23,6.99,0
2026-08-03,15695,C-00202,marketplace,,81.04,0.00,0
2026-08-03,15697,C-01656,organic,,60.36,0.00,0
2026-08-03,15700,C-07517,email,,51.30,0.00,0
2026-08-03,15701,C-07496,marketplace,SAVE20,62.27,11.46,0
2026-08-03,15704,C-07527,organic,,74.53,0.00,0
2026-08-03,15706,C-04561,email,,67.44,0.00,0
2026-08-03,15707,C-07469,paid_search,THANKYOU5,57.03,18.16,0
2026-08-03,15708,C-07508,email,,38.09,0.00,1
2026-08-03,15709,C-07476,paid_search,SPRING15,43.71,18.11,0
2026-08-03,15711,C-04945,email,,51.56,0.00,0
2026-08-03,15712,C-07460,paid_search,,79.72,0.00,0
2026-08-03,15713,C-07464,paid_search,SAVE20,56.11,22.16,0
2026-08-03,15714,C-03222,email,,60.03,0.00,0
2026-08-03,15716,C-07509,email,,60.88,0.00,0
2026-08-03,15718,C-07522,email,,72.15,0.00,0
2026-08-03,15719,C-07490,marketplace,SAVE20,55.41,13.67,0
2026-08-03,15722,C-07471,paid_search,WELCOME10,65.47,15.95,1
2026-08-03,15724,C-03648,organic,,65.36,0.00,0
2026-08-03,15725,C-07489,marketplace,,58.83,0.00,0
2026-08-03,15726,C-05328,paid_search,,51.33,0.00,0
2026-08-03,15727,C-07482,paid_search,SAVE20,72.65,21.37,0
2026-08-03,15728,C-07479,paid_search,THANKYOU5,47.55,14.24,1
2026-08-03,15730,C-07515,email,WELCOME10,39.41,2.34,0
2026-08-03,15731,C-07528,organic,,69.68,0.00,1
2026-08-03,15733,C-07465,paid_search,,65.15,0.00,1
2026-08-03,15736,C-07502,marketplace,SAVE20,34.10,7.99,0
2026-08-03,15738,C-07467,paid_search,WELCOME10,46.22,19.76,0
2026-08-03,15739,C-07483,paid_search,SPRING15,60.28,15.24,1
2026-08-03,15740,C-07514,email,,72.87,0.00,0
2026-08-03,15741,C-07484,paid_search,SAVE20,59.01,15.27,1
2026-08-03,15743,C-07459,paid_search,SAVE20,57.89,12.90,1
2026-08-03,15746,C-07521,email,,43.96,0.00,0
2026-08-03,15747,C-07511,email,,56.58,0.00,0
2026-08-03,15748,C-04671,marketplace,,55.64,0.00,1
2026-08-03,15749,C-07500,marketplace,THANKYOU5,47.27,10.45,1
2026-08-03,15750,C-07495,marketplace,,46.64,0.00,0
2026-08-03,15751,C-07530,organic,SPRING15,66.34,10.48,0
2026-08-03,15752,C-07499,marketplace,,53.62,0.00,0
2026-08-03,15753,C-07480,paid_search,WELCOME10,68.56,21.82,1
2026-08-03,15755,C-07475,paid_search,,81.43,0.00,0
2026-08-03,15756,C-07526,organic,,62.52,0.00,0
2026-08-03,15758,C-07505,marketplace,SAVE20,44.11,5.86,0
2026-08-03,15759,C-02497,paid_search,,54.94,0.00,0
2026-08-03,15760,C-07492,marketplace,THANKYOU5,58.83,8.10,0
2026-08-03,15761,C-07523,email,,48.78,0.00,0
2026-08-03,15763,C-07491,marketplace,,57.00,0.00,0
2026-08-03,15764,C-05151,email,,62.44,0.00,0
2026-08-03,15765,C-07481,paid_search,SAVE20,55.77,17.12,0
2026-08-03,15768,C-01472,email,,49.97,0.00,0
2026-08-03,15769,C-07466,paid_search,SPRING15,48.15,15.13,0
2026-08-03,15770,C-00697,organic,,85.02,0.00,1
2026-08-03,15773,C-04626,paid_search,,37.44,0.00,0
2026-08-03,15774,C-07468,paid_search,,86.30,0.00,0
2026-08-03,15775,C-07519,email,,67.05,0.00,0
2026-08-03,15778,C-07458,paid_search,THANKYOU5,52.30,13.51,0
2026-08-03,15781,C-07474,paid_search,THANKYOU5,55.15,22.60,0
2026-08-03,15783,C-07470,paid_search,SPRING15,50.61,11.17,0
2026-08-04,15786,C-07566,marketplace,,55.36,0.00,0
2026-08-04,15789,C-07556,paid_search,SPRING15,46.43,19.89,1
2026-08-04,15792,C-07565,marketplace,,73.30,0.00,1
2026-08-04,15793,C-00221,email,,50.90,0.00,0
2026-08-04,15794,C-07559,marketplace,,80.99,0.00,0
2026-08-04,15795,C-02904,marketplace,,51.33,0.00,0
2026-08-04,15796,C-07585,email,THANKYOU5,63.99,8.28,1
2026-08-04,15799,C-07550,paid_search,,60.94,0.00,1
2026-08-04,15800,C-06452,email,,59.69,0.00,0
2026-08-04,15801,C-07551,paid_search,THANKYOU5,51.19,21.52,0
2026-08-04,15802,C-03506,email,,67.87,0.00,0
2026-08-04,15803,C-07549,paid_search,,57.49,0.00,0
2026-08-04,15804,C-05664,organic,,70.82,0.00,0
2026-08-04,15805,C-07579,email,,50.50,0.00,0
2026-08-04,15806,C-07531,paid_search,,73.37,0.00,0
2026-08-04,15809,C-04831,email,,82.52,0.00,0
2026-08-04,15811,C-04010,email,SAVE20,79.26,5.57,0
2026-08-04,15812,C-07571,marketplace,,68.50,0.00,0
2026-08-04,15815,C-04391,marketplace,,45.46,0.00,0
2026-08-04,15816,C-05115,paid_search,,67.13,0.00,0
2026-08-04,15817,C-02566,email,,93.11,0.00,0
2026-08-04,15819,C-07590,organic,,62.73,0.00,0
2026-08-04,15820,C-07591,organic,,59.07,0.00,0
2026-08-04,15821,C-07569,marketplace,,49.61,0.00,0
2026-08-04,15823,C-03201,marketplace,,48.93,0.00,0
2026-08-04,15826,C-07580,email,,73.77,0.00,1
2026-08-04,15827,C-03165,email,,99.72,0.00,0
2026-08-04,15828,C-07537,paid_search,WELCOME10,48.34,15.32,1
2026-08-04,15830,C-03813,marketplace,,51.92,0.00,0
2026-08-04,15831,C-07560,marketplace,SAVE20,49.78,8.14,0
2026-08-04,15834,C-04294,organic,,51.91,0.00,0
2026-08-04,15835,C-07582,email,SAVE20,63.79,6.44,0
2026-08-04,15836,C-07594,organic,,38.64,0.00,0
2026-08-04,15839,C-07586,email,,67.16,0.00,0
2026-08-04,15840,C-05338,organic,,40.63,0.00,0
2026-08-04,15841,C-00630,email,,97.25,0.00,0
2026-08-04,15842,C-00864,paid_search,,70.49,0.00,1
2026-08-04,15844,C-00492,organic,WELCOME10,43.56,4.02,0
2026-08-04,15845,C-05893,marketplace,,65.32,0.00,0
2026-08-04,15846,C-04255,organic,,48.33,0.00,0
2026-08-04,15847,C-02609,marketplace,,58.28,0.00,0
2026-08-04,15848,C-07581,email,,53.98,0.00,0
2026-08-04,15849,C-06038,email,,50.15,0.00,0
2026-08-04,15851,C-03616,marketplace,,50.31,0.00,0
2026-08-04,15854,C-07532,paid_search,THANKYOU5,45.35,11.70,0
2026-08-04,15855,C-07578,email,,70.19,0.00,0
2026-08-04,15856,C-07562,marketplace,,66.70,0.00,0
2026-08-04,15857,C-07563,marketplace,,68.29,0.00,0
2026-08-04,15858,C-07539,paid_search,SAVE20,44.05,15.27,0
2026-08-04,15860,C-07558,marketplace,WELCOME10,49.24,10.80,1
2026-08-04,15861,C-07557,paid_search,SAVE20,44.73,16.13,0
2026-08-04,15862,C-07577,email,,44.73,0.00,0
2026-08-04,15863,C-07593,organic,,73.87,0.00,0
2026-08-04,15866,C-07543,paid_search,SPRING15,68.46,26.40,0
2026-08-04,15867,C-07544,paid_search,SAVE20,47.07,11.25,0
2026-08-04,15868,C-07545,paid_search,WELCOME10,57.57,24.10,1
2026-08-04,15869,C-04564,marketplace,SAVE20,51.35,6.34,0
2026-08-04,15870,C-07561,marketplace,,47.68,0.00,0
2026-08-04,15871,C-07573,marketplace,,69.26,0.00,0
2026-08-04,15872,C-07554,paid_search,,85.77,0.00,0
2026-08-04,15873,C-07574,email,WELCOME10,48.96,2.79,1
2026-08-04,15874,C-07548,paid_search,SAVE20,71.52,17.89,0
2026-08-04,15875,C-07583,email,,38.29,0.00,0
2026-08-04,15876,C-07552,paid_search,WELCOME10,54.88,12.87,0
2026-08-04,15879,C-07567,marketplace,,60.12,0.00,0
2026-08-04,15880,C-02293,organic,,58.07,0.00,1
2026-08-04,15882,C-01346,email,,92.83,0.00,0
2026-08-04,15883,C-07536,paid_search,WELCOME10,41.99,16.57,1
2026-08-04,15884,C-06101,email,,97.93,0.00,0
2026-08-04,15887,C-07533,paid_search,,59.23,0.00,0
2026-08-04,15889,C-04493,marketplace,,45.07,0.00,0
2026-08-04,15890,C-07592,organic,,47.72,0.00,0
2026-08-04,15891,C-07584,email,SPRING15,62.89,9.72,0
2026-08-04,15892,C-04717,email,,95.78,0.00,0
2026-08-04,15893,C-07547,paid_search,THANKYOU5,49.99,13.23,0
2026-08-04,15894,C-07564,marketplace,THANKYOU5,45.65,10.50,0
2026-08-04,15897,C-07534,paid_search,SAVE20,70.75,18.27,0
2026-08-04,15898,C-07588,organic,,71.72,0.00,0
2026-08-04,15899,C-05716,marketplace,,78.17,0.00,0
2026-08-04,15901,C-07575,email,SPRING15,39.27,4.60,0
2026-08-04,15902,C-07542,paid_search,WELCOME10,43.28,17.20,0
2026-08-04,15903,C-06188,marketplace,,81.33,0.00,0
2026-08-04,15904,C-01658,marketplace,,84.37,0.00,0
2026-08-04,15907,C-03144,paid_search,,45.53,0.00,0
2026-08-04,15910,C-07587,organic,,67.29,0.00,0
2026-08-04,15911,C-07553,paid_search,SPRING15,66.24,17.31,0
2026-08-04,15912,C-07576,email,,47.02,0.00,0
2026-08-04,15914,C-02102,paid_search,,61.07,0.00,0
2026-08-04,15917,C-07568,marketplace,,73.09,0.00,0
2026-08-04,15919,C-06442,marketplace,,86.02,0.00,0
2026-08-04,15920,C-07541,paid_search,THANKYOU5,67.07,15.40,0
2026-08-04,15921,C-03650,organic,,47.63,0.00,0
2026-08-04,15924,C-07572,marketplace,SAVE20,35.92,5.95,0
2026-08-04,15927,C-07540,paid_search,,63.92,0.00,1
2026-08-04,15928,C-07589,organic,WELCOME10,34.27,5.88,0
2026-08-04,15929,C-01659,organic,,74.95,0.00,0
2026-08-04,15930,C-07546,paid_search,SPRING15,65.30,21.30,1
2026-08-04,15932,C-07555,paid_search,SAVE20,43.09,18.24,1
2026-08-04,15935,C-07538,paid_search,WELCOME10,45.82,19.58,0
2026-08-04,15936,C-01394,paid_search,SAVE20,74.44,8.10,0
2026-08-04,15937,C-03030,email,SAVE20,94.76,12.11,0
2026-08-04,15938,C-02910,email,,81.19,0.00,0
2026-08-04,15941,C-07535,paid_search,SPRING15,61.02,17.18,0
2026-08-04,15942,C-01610,email,,73.61,0.00,1
2026-08-04,15945,C-07570,marketplace,SPRING15,67.21,11.75,0
2026-08-05,15946,C-07639,email,,46.32,0.00,0
2026-08-05,15949,C-03142,paid_search,,78.01,0.00,0
2026-08-05,15950,C-07636,email,,65.91,0.00,0
2026-08-05,15951,C-07637,email,,58.46,0.00,0
2026-08-05,15953,C-07644,email,,68.09,0.00,0
2026-08-05,15954,C-05373,email,,80.88,0.00,0
2026-08-05,15956,C-07643,email,,52.99,0.00,0
2026-08-05,15959,C-07634,marketplace,,55.99,0.00,0
2026-08-05,15960,C-06089,marketplace,,59.55,0.00,0
2026-08-05,15961,C-07628,marketplace,,76.21,0.00,0
2026-08-05,15962,C-07653,organic,,68.67,0.00,0
2026-08-05,15965,C-07648,email,,64.63,0.00,1
2026-08-05,15966,C-07638,email,SAVE20,62.52,9.82,0
2026-08-05,15967,C-07608,paid_search,,62.16,0.00,1
2026-08-05,15968,C-04571,organic,,92.91,0.00,0
2026-08-05,15971,C-00788,organic,THANKYOU5,62.00,9.00,0
2026-08-05,15972,C-00838,email,,49.00,0.00,0
2026-08-05,15974,C-01333,marketplace,SPRING15,78.08,4.54,0
2026-08-05,15975,C-02177,email,,96.43,0.00,0
2026-08-05,15977,C-01991,email,,61.08,0.00,0
2026-08-05,15978,C-07596,paid_search,,84.89,0.00,0
2026-08-05,15979,C-03609,paid_search,,51.85,0.00,0
2026-08-05,15982,C-07646,email,,59.62,0.00,0
2026-08-05,15985,C-07621,marketplace,THANKYOU5,41.08,9.54,1
2026-08-05,15987,C-02810,email,,71.63,0.00,0
2026-08-05,15988,C-07625,marketplace,WELCOME10,42.08,4.90,1
2026-08-05,15991,C-07642,email,,63.98,0.00,0
2026-08-05,15993,C-07609,paid_search,WELCOME10,51.02,13.10,0
2026-08-05,15994,C-03150,marketplace,WELCOME10,75.14,9.06,0
2026-08-05,15995,C-07617,paid_search,WELCOME10,70.63,19.62,0
2026-08-05,15996,C-07630,marketplace,,46.78,0.00,1
2026-08-05,15997,C-07626,marketplace,,62.35,0.00,0
2026-08-05,16000,C-04714,email,SPRING15,69.97,8.74,0
2026-08-05,16001,C-07627,marketplace,,79.57,0.00,0
2026-08-05,16002,C-07606,paid_search,SPRING15,68.59,17.96,0
2026-08-05,16003,C-01784,email,,100.31,0.00,0
2026-08-05,16004,C-02816,email,,61.32,0.00,0
2026-08-05,16006,C-02852,organic,,98.22,0.00,0
2026-08-05,16007,C-06517,email,,75.85,0.00,0
2026-08-05,16008,C-00685,email,,54.99,0.00,0
2026-08-05,16009,C-07623,marketplace,,47.80,0.00,0
2026-08-05,16012,C-03950,email,SPRING15,51.98,3.96,0
2026-08-05,16013,C-04349,email,,63.32,0.00,0
2026-08-05,16014,C-04074,email,,62.51,0.00,0
2026-08-05,16015,C-04193,email,SPRING15,60.44,4.07,0
2026-08-05,16017,C-07612,paid_search,WELCOME10,66.32,22.96,0
2026-08-05,16019,C-00971,email,,61.33,0.00,0
2026-08-05,16021,C-04709,marketplace,,63.37,0.00,0
2026-08-05,16022,C-07640,email,,51.83,0.00,0
2026-08-05,16023,C-04995,email,,57.59,0.00,0
2026-08-05,16024,C-05473,email,,109.73,0.00,0
2026-08-05,16025,C-07598,paid_search,THANKYOU5,42.26,14.95,0
2026-08-05,16026,C-07620,marketplace,,52.72,0.00,0
2026-08-05,16027,C-07650,organic,,57.42,0.00,0
2026-08-05,16028,C-07633,marketplace,SAVE20,37.06,7.80,0
2026-08-05,16031,C-07613,paid_search,WELCOME10,46.37,16.53,0
2026-08-05,16032,C-07599,paid_search,SAVE20,60.68,25.86,0
2026-08-05,16033,C-07610,paid_search,,72.95,0.00,0
2026-08-05,16035,C-07629,marketplace,,81.77,0.00,0
2026-08-05,16036,C-07641,email,,45.77,0.00,0
2026-08-05,16037,C-07654,organic,,72.03,0.00,0
2026-08-05,16038,C-07615,paid_search,,79.16,0.00,0
2026-08-05,16039,C-07624,marketplace,SAVE20,65.78,14.07,0
2026-08-05,16041,C-04395,email,WELCOME10,58.69,5.81,0
2026-08-05,16042,C-07647,email,,63.10,0.00,0
2026-08-05,16043,C-07614,paid_search,SAVE20,73.63,17.83,1
2026-08-05,16044,C-07607,paid_search,SPRING15,45.57,11.07,1
2026-08-05,16047,C-04359,organic,SPRING15,45.92,2.63,0
2026-08-05,16048,C-07611,paid_search,,84.65,0.00,0
2026-08-05,16049,C-00035,paid_search,,68.62,0.00,0
2026-08-05,16051,C-02670,email,,80.73,0.00,0
2026-08-05,16054,C-01444,paid_search,,41.15,0.00,0
2026-08-05,16057,C-02170,email,,70.25,0.00,0
2026-08-05,16058,C-02914,email,,72.64,0.00,0
2026-08-05,16060,C-07645,email,,61.12,0.00,0
2026-08-05,16061,C-07605,paid_search,WELCOME10,62.86,15.64,0
2026-08-05,16062,C-07616,paid_search,,84.94,0.00,0
2026-08-05,16063,C-07604,paid_search,,68.99,0.00,0
2026-08-05,16064,C-02733,marketplace,,76.02,0.00,0
2026-08-05,16065,C-07635,email,THANKYOU5,44.76,5.20,0
2026-08-05,16066,C-00965,email,THANKYOU5,41.70,6.85,0
2026-08-05,16069,C-07651,organic,,38.13,0.00,0
2026-08-05,16072,C-05453,paid_search,,41.71,0.00,1
2026-08-05,16073,C-04324,marketplace,,62.59,0.00,0
2026-08-05,16075,C-07597,paid_search,WELCOME10,72.06,22.80,1
2026-08-05,16077,C-07622,marketplace,,44.15,0.00,0
2026-08-05,16078,C-04725,organic,,56.95,0.00,0
2026-08-05,16079,C-07601,paid_search,WELCOME10,69.90,24.61,0
2026-08-05,16080,C-07631,marketplace,,47.63,0.00,0
2026-08-05,16081,C-03629,marketplace,WELCOME10,72.37,9.67,0
2026-08-05,16082,C-07619,marketplace,,72.04,0.00,0
2026-08-05,16085,C-07655,organic,,44.49,0.00,0
2026-08-05,16086,C-03694,email,,62.00,0.00,0
2026-08-05,16087,C-07600,paid_search,,85.98,0.00,0
2026-08-05,16089,C-05125,paid_search,,58.72,0.00,1
2026-08-05,16090,C-07632,marketplace,,53.54,0.00,0
2026-08-05,16091,C-04086,organic,,45.89,0.00,0
2026-08-05,16092,C-07603,paid_search,,80.17,0.00,0
2026-08-05,16094,C-07602,paid_search,WELCOME10,60.91,25.26,0
2026-08-05,16095,C-01563,paid_search,,97.73,0.00,0
2026-08-05,16096,C-03402,email,,58.83,0.00,0
2026-08-05,16097,C-06045,organic,,68.30,0.00,0
2026-08-05,16098,C-07618,marketplace,,71.05,0.00,1
2026-08-05,16099,C-04098,paid_search,,62.96,0.00,0
2026-08-05,16101,C-07652,organic,,69.05,0.00,0
2026-08-05,16102,C-07649,email,,41.99,0.00,0
2026-08-05,16103,C-03805,email,,75.08,0.00,0
2026-08-05,16104,C-07595,paid_search,,63.78,0.00,0
2026-08-06,16105,C-07699,email,,73.57,0.00,0
2026-08-06,16106,C-03652,organic,,73.32,0.00,0
2026-08-06,16107,C-07656,paid_search,THANKYOU5,69.48,21.75,0
2026-08-06,16108,C-04895,organic,,69.84,0.00,0
2026-08-06,16109,C-00585,email,,66.36,0.00,1
2026-08-06,16110,C-07665,paid_search,,73.28,0.00,1
2026-08-06,16111,C-07697,marketplace,,69.17,0.00,1
2026-08-06,16112,C-02467,paid_search,,57.92,0.00,0
2026-08-06,16113,C-04560,email,,104.97,0.00,0
2026-08-06,16114,C-01011,marketplace,,76.48,0.00,0
2026-08-06,16116,C-07707,email,,70.60,0.00,0
2026-08-06,16117,C-02753,marketplace,,59.50,0.00,0
2026-08-06,16118,C-07657,paid_search,WELCOME10,57.12,23.95,0
2026-08-06,16119,C-07713,organic,,46.44,0.00,0
2026-08-06,16120,C-07661,paid_search,SPRING15,50.52,16.18,1
2026-08-06,16121,C-07660,paid_search,THANKYOU5,46.39,13.82,0
2026-08-06,16122,C-07716,organic,,64.32,0.00,0
2026-08-06,16123,C-07709,email,WELCOME10,43.58,3.74,0
2026-08-06,16124,C-07693,marketplace,,53.73,0.00,1
2026-08-06,16125,C-07671,paid_search,THANKYOU5,55.78,19.33,0
2026-08-06,16126,C-04184,marketplace,,61.52,0.00,1
2026-08-06,16127,C-07711,organic,SAVE20,46.06,7.95,0
2026-08-06,16128,C-07681,paid_search,SPRING15,40.12,16.28,1
2026-08-06,16129,C-04492,marketplace,,72.00,0.00,0
2026-08-06,16132,C-03085,email,THANKYOU5,74.97,8.69,0
2026-08-06,16133,C-02018,paid_search,,56.22,0.00,0
2026-08-06,16135,C-07685,marketplace,,79.07,0.00,0
2026-08-06,16136,C-05411,marketplace,,50.11,0.00,0
2026-08-06,16137,C-07712,organic,,45.61,0.00,0
2026-08-06,16138,C-03581,email,,82.88,0.00,0
2026-08-06,16139,C-02909,email,,102.98,0.00,0
2026-08-06,16140,C-04715,marketplace,,92.15,0.00,1
2026-08-06,16141,C-04400,email,,73.42,0.00,0
2026-08-06,16142,C-05376,email,,85.83,0.00,0
2026-08-06,16144,C-07667,paid_search,SAVE20,58.34,23.53,0
2026-08-06,16145,C-07694,marketplace,,52.91,0.00,0
2026-08-06,16147,C-07706,email,WELCOME10,47.51,3.37,0
2026-08-06,16148,C-06949,paid_search,,69.92,0.00,0
2026-08-06,16151,C-07672,paid_search,WELCOME10,58.64,17.58,0
2026-08-06,16153,C-07689,marketplace,SAVE20,41.41,4.83,0
2026-08-06,16154,C-03393,organic,THANKYOU5,48.95,6.76,0
2026-08-06,16155,C-07715,organic,THANKYOU5,37.74,3.62,0
2026-08-06,16157,C-07678,paid_search,THANKYOU5,74.81,17.77,1
2026-08-06,16160,C-02682,email,,51.86,0.00,0
2026-08-06,16161,C-04808,marketplace,,79.12,0.00,0
2026-08-06,16162,C-07679,paid_search,,89.40,0.00,0
2026-08-06,16163,C-07675,paid_search,,95.76,0.00,1
2026-08-06,16164,C-02516,email,,97.04,0.00,0
2026-08-06,16166,C-07719,organic,,63.04,0.00,0
2026-08-06,16167,C-07705,email,SPRING15,35.83,4.55,0
2026-08-06,16168,C-03649,paid_search,,88.15,0.00,1
2026-08-06,16169,C-07686,marketplace,SAVE20,52.75,7.14,0
2026-08-06,16170,C-07688,marketplace,THANKYOU5,37.55,4.69,0
2026-08-06,16171,C-06094,email,,57.44,0.00,1
2026-08-06,16172,C-04454,paid_search,,48.27,0.00,0
2026-08-06,16173,C-03243,paid_search,,48.12,0.00,0
2026-08-06,16174,C-07664,paid_search,THANKYOU5,58.87,23.01,0
2026-08-06,16176,C-07717,organic,,50.01,0.00,0
2026-08-06,16178,C-07669,paid_search,SPRING15,43.91,14.15,1
2026-08-06,16179,C-04874,marketplace,SPRING15,66.55,3.74,0
2026-08-06,16180,C-07684,paid_search,SPRING15,58.47,15.83,0
2026-08-06,16181,C-01141,email,,72.36,0.00,0
2026-08-06,16182,C-07695,marketplace,,72.30,0.00,0
2026-08-06,16183,C-07708,email,,42.09,0.00,0
2026-08-06,16184,C-02728,paid_search,,69.32,0.00,1
2026-08-06,16185,C-07687,marketplace,,67.94,0.00,0
2026-08-06,16188,C-07683,paid_search,SPRING15,66.74,18.81,1
2026-08-06,16189,C-04775,email,,72.34,0.00,0
2026-08-06,16190,C-07666,paid_search,SPRING15,50.19,15.74,0
2026-08-06,16191,C-03572,paid_search,,90.14,0.00,0
2026-08-06,16194,C-01485,paid_search,WELCOME10,42.23,5.66,0
2026-08-06,16195,C-07663,paid_search,WELCOME10,44.59,18.77,1
2026-08-06,16196,C-07670,paid_search,SAVE20,76.70,16.91,1
2026-08-06,16198,C-07659,paid_search,SAVE20,66.82,18.49,0
2026-08-06,16199,C-07704,email,,73.30,0.00,0
2026-08-06,16200,C-07700,email,,70.04,0.00,0
2026-08-06,16201,C-07676,paid_search,SAVE20,54.78,22.15,1
2026-08-06,16202,C-07677,paid_search,SAVE20,63.21,16.16,0
2026-08-06,16203,C-07673,paid_search,SAVE20,60.12,21.77,0
2026-08-06,16206,C-07718,organic,,72.29,0.00,0
2026-08-06,16208,C-04650,email,,70.98,0.00,0
2026-08-06,16209,C-05102,email,,85.00,0.00,0
2026-08-06,16211,C-07702,email,,39.09,0.00,0
2026-08-06,16212,C-01936,marketplace,,87.98,0.00,1
2026-08-06,16213,C-04599,email,,82.63,0.00,0
2026-08-06,16214,C-07674,paid_search,,86.94,0.00,0
2026-08-06,16215,C-07714,organic,,75.69,0.00,0
2026-08-06,16217,C-07662,paid_search,WELCOME10,55.63,23.38,1
2026-08-06,16218,C-07692,marketplace,,52.01,0.00,0
2026-08-06,16221,C-07668,paid_search,,88.32,0.00,1
2026-08-06,16222,C-00575,email,,58.74,0.00,0
2026-08-06,16225,C-07682,paid_search,SAVE20,56.96,23.32,0
2026-08-06,16226,C-07658,paid_search,SAVE20,59.27,16.16,0
2026-08-06,16227,C-00775,email,,58.95,0.00,0
2026-08-06,16228,C-00447,marketplace,,65.73,0.00,0
2026-08-06,16229,C-03080,paid_search,,62.45,0.00,0
2026-08-06,16230,C-04600,marketplace,,47.66,0.00,0
2026-08-06,16231,C-07698,marketplace,,60.18,0.00,0
2026-08-06,16234,C-07710,email,,57.52,0.00,0
2026-08-06,16235,C-03126,email,,64.68,0.00,0
2026-08-06,16236,C-03898,email,,75.09,0.00,0
2026-08-06,16239,C-03384,marketplace,SAVE20,45.82,3.34,0
2026-08-06,16240,C-07691,marketplace,,74.13,0.00,0
2026-08-06,16243,C-07701,email,SAVE20,38.99,4.74,0
2026-08-06,16245,C-01880,organic,,88.35,0.00,0
2026-08-06,16246,C-07680,paid_search,WELCOME10,66.46,20.96,0
2026-08-06,16247,C-07690,marketplace,SPRING15,60.71,8.85,1
2026-08-06,16248,C-00859,organic,,75.05,0.00,0
2026-08-06,16251,C-07703,email,,62.50,0.00,0
2026-08-06,16252,C-07696,marketplace,,66.66,0.00,0
2026-08-07,16255,C-05629,paid_search,SPRING15,64.42,6.96,0
2026-08-07,16258,C-06145,email,,63.82,0.00,0
2026-08-07,16259,C-05532,paid_search,THANKYOU5,87.61,4.62,1
2026-08-07,16260,C-07762,marketplace,,45.25,0.00,0
2026-08-07,16261,C-07763,email,,60.54,0.00,0
2026-08-07,16262,C-06095,email,,69.18,0.00,0
2026-08-07,16263,C-04381,organic,,46.52,0.00,0
2026-08-07,16264,C-07758,marketplace,,53.84,0.00,0
2026-08-07,16266,C-07732,paid_search,,59.73,0.00,0
2026-08-07,16267,C-07734,paid_search,THANKYOU5,55.12,12.81,0
2026-08-07,16270,C-05099,marketplace,,90.78,0.00,0
2026-08-07,16271,C-07736,paid_search,SPRING15,75.11,20.74,0
2026-08-07,16272,C-07774,email,THANKYOU5,57.19,4.63,0
2026-08-07,16273,C-07753,marketplace,THANKYOU5,42.32,10.41,0
2026-08-07,16274,C-07752,marketplace,SPRING15,46.17,6.27,0
2026-08-07,16276,C-07781,organic,THANKYOU5,51.74,3.57,0
2026-08-07,16278,C-07778,email,,66.06,0.00,0
2026-08-07,16279,C-07759,marketplace,WELCOME10,38.16,7.87,0
2026-08-07,16281,C-07784,organic,,52.56,0.00,0
2026-08-07,16282,C-07764,email,,48.80,0.00,0
2026-08-07,16285,C-06854,marketplace,,49.42,0.00,0
2026-08-07,16286,C-03942,marketplace,,88.00,0.00,0
2026-08-07,16287,C-07783,organic,WELCOME10,52.26,7.07,0
2026-08-07,16288,C-00729,marketplace,,80.28,0.00,0
2026-08-07,16289,C-07770,email,,48.76,0.00,0
2026-08-07,16290,C-07773,email,,49.36,0.00,0
2026-08-07,16291,C-07751,marketplace,,43.02,0.00,0
2026-08-07,16292,C-07776,email,,49.69,0.00,0
2026-08-07,16294,C-02101,email,,77.34,0.00,0
2026-08-07,16295,C-07743,paid_search,WELCOME10,66.41,25.29,0
2026-08-07,16296,C-00636,organic,,61.34,0.00,0
2026-08-07,16299,C-00370,organic,,39.02,0.00,0
2026-08-07,16300,C-07771,email,,53.07,0.00,0
2026-08-07,16301,C-02693,paid_search,,74.09,0.00,1
2026-08-07,16302,C-07775,email,,72.28,0.00,0
2026-08-07,16303,C-03164,email,,84.70,0.00,0
2026-08-07,16304,C-05712,marketplace,,72.26,0.00,0
2026-08-07,16307,C-07749,marketplace,SAVE20,59.38,7.15,0
2026-08-07,16310,C-01173,marketplace,,80.63,0.00,0
2026-08-07,16312,C-07782,organic,,64.27,0.00,1
2026-08-07,16315,C-07755,marketplace,,52.19,0.00,1
2026-08-07,16318,C-07745,paid_search,SPRING15,64.98,17.78,1
2026-08-07,16319,C-07723,paid_search,THANKYOU5,63.50,24.46,0
2026-08-07,16320,C-07769,email,,60.81,0.00,0
2026-08-07,16323,C-07787,organic,,40.05,0.00,0
2026-08-07,16324,C-07777,email,,41.94,0.00,0
2026-08-07,16325,C-07766,email,,48.67,0.00,0
2026-08-07,16326,C-07750,marketplace,SAVE20,63.99,11.95,0
2026-08-07,16329,C-07725,paid_search,THANKYOU5,63.35,17.98,1
2026-08-07,16332,C-00696,email,,51.43,0.00,0
2026-08-07,16334,C-06609,paid_search,,108.70,0.00,1
2026-08-07,16335,C-07721,paid_search,WELCOME10,71.24,19.76,1
2026-08-07,16338,C-05150,email,,82.34,0.00,0
2026-08-07,16339,C-07760,marketplace,SPRING15,44.99,7.92,0
2026-08-07,16340,C-07747,paid_search,WELCOME10,62.67,26.28,0
2026-08-07,16341,C-07733,paid_search,SAVE20,73.89,20.85,1
2026-08-07,16342,C-04286,email,,97.55,0.00,1
2026-08-07,16344,C-07724,paid_search,THANKYOU5,65.71,14.62,0
2026-08-07,16345,C-07727,paid_search,WELCOME10,74.59,16.84,0
2026-08-07,16346,C-07786,organic,WELCOME10,68.56,10.00,0
2026-08-07,16347,C-03583,email,,63.98,0.00,0
2026-08-07,16348,C-07720,paid_search,SAVE20,76.92,17.02,0
2026-08-07,16349,C-07735,paid_search,SPRING15,58.04,17.09,1
2026-08-07,16352,C-01291,email,,72.15,0.00,0
2026-08-07,16355,C-07756,marketplace,,60.94,0.00,0
2026-08-07,16358,C-07738,paid_search,WELCOME10,44.06,18.38,0
2026-08-07,16360,C-07731,paid_search,SPRING15,61.94,22.64,0
2026-08-07,16362,C-07765,email,,68.74,0.00,0
2026-08-07,16363,C-07722,paid_search,THANKYOU5,61.40,14.62,1
2026-08-07,16364,C-07746,paid_search,WELCOME10,44.44,11.70,0
2026-08-07,16365,C-01389,email,,61.78,0.00,0
2026-08-07,16366,C-03812,email,,51.75,0.00,0
2026-08-07,16368,C-07757,marketplace,,56.02,0.00,0
2026-08-07,16369,C-05213,marketplace,,62.75,0.00,0
2026-08-07,16370,C-04242,email,,56.96,0.00,0
2026-08-07,16371,C-03075,email,,99.18,0.00,0
2026-08-07,16372,C-07726,paid_search,WELCOME10,45.99,13.84,1
2026-08-07,16373,C-07728,paid_search,SAVE20,43.63,13.20,0
2026-08-07,16375,C-07737,paid_search,,57.29,0.00,0
2026-08-07,16376,C-02073,paid_search,SPRING15,40.42,5.82,0
2026-08-07,16379,C-07739,paid_search,THANKYOU5,71.31,22.11,0
2026-08-07,16382,C-07748,marketplace,,68.42,0.00,0
2026-08-07,16383,C-02046,email,,64.43,0.00,0
2026-08-07,16384,C-07740,paid_search,SAVE20,40.63,15.61,0
2026-08-07,16386,C-07754,marketplace,,80.34,0.00,0
2026-08-07,16387,C-05834,marketplace,,49.06,0.00,0
2026-08-07,16390,C-07741,paid_search,SAVE20,72.57,21.57,1
2026-08-07,16391,C-07767,email,,67.21,0.00,1
2026-08-07,16392,C-07785,organic,,71.31,0.00,0
2026-08-07,16393,C-07780,email,SAVE20,41.17,5.54,0
2026-08-07,16394,C-04526,paid_search,,70.11,0.00,0
2026-08-07,16397,C-07744,paid_search,WELCOME10,55.82,21.05,1
2026-08-07,16398,C-07730,paid_search,WELCOME10,40.35,16.16,0
2026-08-07,16399,C-07779,email,,73.34,0.00,0
2026-08-07,16400,C-07729,paid_search,SAVE20,57.11,22.28,1
2026-08-07,16401,C-07768,email,,41.55,0.00,0
2026-08-07,16402,C-07761,marketplace,,49.11,0.00,0
2026-08-07,16403,C-07742,paid_search,THANKYOU5,72.08,21.72,0
2026-08-07,16404,C-07772,email,,44.22,0.00,0
2026-08-08,16406,C-05650,marketplace,,80.50,0.00,0
2026-08-08,16408,C-06175,paid_search,,71.93,0.00,1
2026-08-08,16411,C-07814,email,WELCOME10,48.57,7.08,0
2026-08-08,16412,C-07791,paid_search,,88.24,0.00,0
2026-08-08,16413,C-05454,paid_search,,48.30,0.00,0
2026-08-08,16414,C-02520,email,SAVE20,49.69,3.28,0
2026-08-08,16415,C-00700,organic,,49.95,0.00,0
2026-08-08,16418,C-07810,marketplace,,78.86,0.00,0
2026-08-08,16419,C-07795,paid_search,SPRING15,53.25,15.66,0
2026-08-08,16420,C-05906,email,,58.81,0.00,0
2026-08-08,16423,C-02532,organic,,51.85,0.00,0
2026-08-08,16424,C-07796,paid_search,WELCOME10,62.47,25.35,0
2026-08-08,16425,C-04351,email,,55.54,0.00,0
2026-08-08,16426,C-02386,email,,69.14,0.00,0
2026-08-08,16427,C-07789,paid_search,SAVE20,55.24,17.42,0
2026-08-08,16428,C-01993,organic,,82.77,0.00,0
2026-08-08,16430,C-07812,marketplace,,63.57,0.00,0
2026-08-08,16433,C-07788,paid_search,WELCOME10,73.74,21.13,0
2026-08-08,16434,C-07799,paid_search,SAVE20,56.18,19.02,0
2026-08-08,16435,C-05908,email,,101.80,0.00,0
2026-08-08,16437,C-07821,email,,50.42,0.00,0
2026-08-08,16438,C-06336,organic,THANKYOU5,60.14,4.31,0
2026-08-08,16439,C-05316,marketplace,,68.14,0.00,0
2026-08-08,16440,C-04652,email,SPRING15,64.75,4.29,0
2026-08-08,16441,C-00267,email,WELCOME10,60.45,10.44,0
2026-08-08,16442,C-07805,marketplace,,81.45,0.00,0
2026-08-08,16443,C-07792,paid_search,,60.25,0.00,0
2026-08-08,16444,C-07803,paid_search,SPRING15,59.61,21.73,1
2026-08-08,16445,C-07804,marketplace,,47.07,0.00,0
2026-08-08,16448,C-00413,email,,68.83,0.00,0
2026-08-08,16449,C-07822,email,,61.19,0.00,0
2026-08-08,16452,C-07808,marketplace,,53.99,0.00,1
2026-08-08,16453,C-03576,marketplace,,86.63,0.00,0
2026-08-08,16454,C-02957,marketplace,,54.06,0.00,1
2026-08-08,16457,C-04028,paid_search,,44.35,0.00,0
2026-08-08,16458,C-07818,email,,44.55,0.00,0
2026-08-08,16460,C-07823,email,,51.79,0.00,0
2026-08-08,16461,C-07797,paid_search,,94.93,0.00,0
2026-08-08,16464,C-07813,marketplace,WELCOME10,43.97,5.56,0
2026-08-08,16466,C-07816,email,,50.23,0.00,0
2026-08-08,16469,C-07809,marketplace,,70.72,0.00,0
2026-08-08,16472,C-07830,organic,,59.19,0.00,0
2026-08-08,16473,C-07794,paid_search,SPRING15,51.54,12.11,0
2026-08-08,16476,C-04213,paid_search,SAVE20,43.71,4.94,1
2026-08-08,16478,C-07819,email,,58.70,0.00,0
2026-08-08,16479,C-04758,marketplace,SAVE20,47.46,8.04,0
2026-08-08,16481,C-07827,organic,,75.20,0.00,0
2026-08-08,16484,C-07793,paid_search,SPRING15,57.22,15.97,0
2026-08-08,16485,C-07790,paid_search,WELCOME10,52.51,20.98,1
2026-08-08,16486,C-07806,marketplace,SPRING15,50.17,6.45,0
2026-08-08,16487,C-07817,email,,59.67,0.00,0
2026-08-08,16488,C-07831,organic,,77.66,0.00,0
2026-08-08,16491,C-03409,organic,,59.77,0.00,0
2026-08-08,16492,C-00201,marketplace,,81.10,0.00,0
2026-08-08,16493,C-03216,email,WELCOME10,52.48,7.50,0
2026-08-08,16494,C-07802,paid_search,SAVE20,56.27,14.27,0
2026-08-08,16495,C-07798,paid_search,SAVE20,47.19,18.80,0
2026-08-08,16498,C-07801,paid_search,SPRING15,51.96,20.21,0
2026-08-08,16501,C-02740,organic,,47.13,0.00,1
2026-08-08,16502,C-07815,email,,67.56,0.00,0
2026-08-08,16504,C-07824,email,WELCOME10,60.61,5.88,0
2026-08-08,16505,C-07828,organic,,43.86,0.00,0
2026-08-08,16506,C-02174,organic,,64.51,0.00,1
2026-08-08,16509,C-04348,email,,55.02,0.00,0
2026-08-08,16510,C-07825,email,THANKYOU5,60.23,3.75,0
2026-08-08,16512,C-07820,email,,69.88,0.00,0
2026-08-08,16514,C-07800,paid_search,SAVE20,69.66,16.10,1
2026-08-08,16515,C-07829,organic,SAVE20,62.11,10.52,0
2026-08-08,16517,C-07826,organic,,40.89,0.00,0
2026-08-08,16518,C-07811,marketplace,SAVE20,39.42,7.73,0
2026-08-08,16519,C-03313,marketplace,,50.03,0.00,0
2026-08-08,16520,C-06249,email,,96.42,0.00,0
2026-08-08,16521,C-02695,paid_search,,54.28,0.00,1
2026-08-08,16523,C-07807,marketplace,,46.74,0.00,0
2026-08-09,16524,C-07868,email,WELCOME10,63.67,6.62,0
2026-08-09,16525,C-05787,organic,,47.54,0.00,1
2026-08-09,16526,C-07841,paid_search,SPRING15,53.63,15.30,0
2026-08-09,16528,C-05149,email,,86.33,0.00,0
2026-08-09,16529,C-00213,paid_search,,79.83,0.00,1
2026-08-09,16530,C-07861,email,THANKYOU5,42.96,4.57,0
2026-08-09,16531,C-06511,email,,83.27,0.00,0
2026-08-09,16533,C-07877,organic,,71.43,0.00,0
2026-08-09,16534,C-07874,organic,,69.09,0.00,0
2026-08-09,16536,C-02397,organic,,87.19,0.00,0
2026-08-09,16537,C-07855,marketplace,SPRING15,56.19,12.74,0
2026-08-09,16539,C-07838,paid_search,,70.81,0.00,0
2026-08-09,16540,C-07857,marketplace,SPRING15,55.99,11.02,0
2026-08-09,16541,C-06326,email,,84.59,0.00,0
2026-08-09,16542,C-07875,organic,SAVE20,34.06,3.30,0
2026-08-09,16545,C-07856,marketplace,WELCOME10,60.95,14.06,0
2026-08-09,16548,C-07848,paid_search,WELCOME10,50.76,15.14,1
2026-08-09,16550,C-07871,organic,,69.61,0.00,0
2026-08-09,16553,C-01714,email,,70.44,0.00,0
2026-08-09,16554,C-07837,paid_search,WELCOME10,55.74,17.75,0
2026-08-09,16555,C-05034,marketplace,,68.89,0.00,0
2026-08-09,16556,C-02279,marketplace,,66.63,0.00,0
2026-08-09,16557,C-07862,email,,51.10,0.00,0
2026-08-09,16559,C-07836,paid_search,SPRING15,55.48,21.24,1
2026-08-09,16562,C-07835,paid_search,WELCOME10,72.63,16.82,0
2026-08-09,16564,C-07846,paid_search,THANKYOU5,68.86,20.78,0
2026-08-09,16565,C-02235,marketplace,,86.80,0.00,0
2026-08-09,16567,C-06314,email,,81.36,0.00,0
2026-08-09,16570,C-07873,organic,,65.80,0.00,0
2026-08-09,16571,C-07844,paid_search,WELCOME10,55.29,13.95,0
2026-08-09,16573,C-07864,email,SAVE20,55.08,7.78,0
2026-08-09,16574,C-05734,marketplace,,60.34,0.00,1
2026-08-09,16577,C-07832,paid_search,SAVE20,47.86,20.43,0
2026-08-09,16578,C-07854,marketplace,,51.52,0.00,0
2026-08-09,16579,C-07876,organic,,64.50,0.00,0
2026-08-09,16580,C-04192,email,,75.36,0.00,0
2026-08-09,16582,C-07840,paid_search,THANKYOU5,54.20,21.74,1
2026-08-09,16583,C-05646,email,,58.32,0.00,0
2026-08-09,16584,C-07870,email,,64.75,0.00,0
2026-08-09,16585,C-07853,marketplace,SAVE20,55.87,12.33,0
2026-08-09,16587,C-04639,marketplace,,85.76,0.00,1
2026-08-09,16588,C-07852,marketplace,,48.90,0.00,0
2026-08-09,16589,C-07860,marketplace,THANKYOU5,60.10,10.02,0
2026-08-09,16590,C-07849,paid_search,THANKYOU5,50.38,21.50,0
2026-08-09,16591,C-03644,email,,84.60,0.00,0
2026-08-09,16592,C-07858,marketplace,SPRING15,34.19,7.66,0
2026-08-09,16595,C-07839,paid_search,SAVE20,58.04,19.68,0
2026-08-09,16596,C-05134,marketplace,,65.61,0.00,0
2026-08-09,16598,C-07850,paid_search,,87.13,0.00,1
2026-08-09,16601,C-04295,organic,SPRING15,53.53,4.75,0
2026-08-09,16602,C-07845,paid_search,SPRING15,67.88,17.93,1
2026-08-09,16605,C-04618,email,,50.94,0.00,0
2026-08-09,16606,C-07834,paid_search,SAVE20,51.09,12.87,1
2026-08-09,16607,C-07859,marketplace,,70.98,0.00,0
2026-08-09,16608,C-07833,paid_search,THANKYOU5,46.38,12.90,1
2026-08-09,16609,C-07851,marketplace,THANKYOU5,41.58,6.79,0
2026-08-09,16610,C-07865,email,,61.51,0.00,0
2026-08-09,16611,C-02677,paid_search,,59.39,0.00,1
2026-08-09,16613,C-03202,organic,,52.61,0.00,0
2026-08-09,16616,C-07842,paid_search,SAVE20,55.32,19.43,0
2026-08-09,16617,C-00313,email,,84.30,0.00,1
2026-08-09,16618,C-05468,email,WELCOME10,74.91,6.56,0
2026-08-09,16619,C-07866,email,,71.10,0.00,0
2026-08-09,16621,C-01234,organic,,59.66,0.00,0
2026-08-09,16624,C-02523,email,,80.81,0.00,0
2026-08-09,16626,C-07867,email,SAVE20,47.32,5.47,0
2026-08-09,16629,C-04239,email,,55.55,0.00,0
2026-08-09,16632,C-05094,email,SAVE20,71.06,11.16,0
2026-08-09,16633,C-07847,paid_search,THANKYOU5,48.98,15.87,0
2026-08-09,16634,C-01348,email,,89.18,0.00,0
2026-08-09,16635,C-02703,email,SPRING15,52.71,3.11,0
2026-08-09,16636,C-07843,paid_search,,72.33,0.00,1
2026-08-09,16637,C-07869,email,,44.80,0.00,0
2026-08-09,16638,C-07863,email,,57.21,0.00,0
2026-08-09,16639,C-07872,organic,,47.16,0.00,0
2026-08-10,16640,C-07919,marketplace,,62.56,0.00,0
2026-08-10,16641,C-07894,paid_search,SAVE20,68.12,20.69,0
2026-08-10,16644,C-07936,email,,56.93,0.00,0
2026-08-10,16645,C-03064,marketplace,,71.43,0.00,0
2026-08-10,16646,C-04502,email,,54.54,0.00,0
2026-08-10,16647,C-07910,marketplace,,51.72,0.00,0
2026-08-10,16649,C-05838,marketplace,,64.96,0.00,0
2026-08-10,16650,C-07931,email,,71.58,0.00,0
2026-08-10,16651,C-04500,marketplace,,63.89,0.00,0
2026-08-10,16652,C-07942,organic,,60.17,0.00,0
2026-08-10,16653,C-07889,paid_search,SPRING15,42.86,15.00,0
2026-08-10,16654,C-07904,marketplace,,76.10,0.00,0
2026-08-10,16657,C-00967,email,,75.72,0.00,1
2026-08-10,16658,C-00410,email,,72.66,0.00,0
2026-08-10,16659,C-07945,organic,SPRING15,49.75,3.92,1
2026-08-10,16661,C-07929,email,,71.00,0.00,0
2026-08-10,16662,C-03106,paid_search,WELCOME10,51.59,7.93,1
2026-08-10,16664,C-07878,paid_search,SPRING15,48.05,17.38,0
2026-08-10,16667,C-07941,organic,,44.57,0.00,0
2026-08-10,16668,C-07892,paid_search,SAVE20,51.44,17.60,1
2026-08-10,16670,C-07893,paid_search,WELCOME10,60.85,25.26,0
2026-08-10,16671,C-07912,marketplace,,71.24,0.00,0
2026-08-10,16674,C-07896,paid_search,THANKYOU5,73.71,16.60,0
2026-08-10,16675,C-07895,paid_search,SPRING15,63.78,16.81,0
2026-08-10,16676,C-05312,email,,75.18,0.00,0
2026-08-10,16677,C-07934,email,,42.51,0.00,0
2026-08-10,16680,C-04208,organic,,51.67,0.00,0
2026-08-10,16683,C-07933,email,SPRING15,61.52,9.48,0
2026-08-10,16684,C-07879,paid_search,,85.14,0.00,0
2026-08-10,16685,C-06556,marketplace,SAVE20,56.81,3.35,0
2026-08-10,16686,C-05210,organic,,62.91,0.00,0
2026-08-10,16687,C-07925,email,,41.50,0.00,0
2026-08-10,16690,C-07898,paid_search,THANKYOU5,53.02,18.79,0
2026-08-10,16692,C-07891,paid_search,SAVE20,72.26,19.60,1
2026-08-10,16695,C-07882,paid_search,SPRING15,65.73,22.91,0
2026-08-10,16698,C-07902,paid_search,SPRING15,49.30,20.40,0
2026-08-10,16699,C-07943,organic,,60.75,0.00,0
2026-08-10,16700,C-00739,email,,91.19,0.00,0
2026-08-10,16701,C-07937,email,,43.58,0.00,0
2026-08-10,16702,C-04364,paid_search,,51.11,0.00,0
2026-08-10,16703,C-07940,organic,,58.28,0.00,0
2026-08-10,16704,C-07946,organic,WELCOME10,63.86,7.45,0
2026-08-10,16706,C-02285,email,THANKYOU5,53.66,3.60,0
2026-08-10,16707,C-03796,email,SPRING15,73.24,11.07,0
2026-08-10,16710,C-07906,marketplace,,78.49,0.00,0
2026-08-10,16712,C-00694,email,THANKYOU5,82.39,13.55,0
2026-08-10,16713,C-03854,email,,81.35,0.00,0
2026-08-10,16714,C-07948,organic,WELCOME10,67.49,10.87,0
2026-08-10,16717,C-01783,marketplace,,69.01,0.00,0
2026-08-10,16720,C-07886,paid_search,THANKYOU5,51.19,20.78,0
2026-08-10,16721,C-07905,marketplace,,73.45,0.00,0
2026-08-10,16722,C-03121,email,,60.88,0.00,0
2026-08-10,16723,C-04357,organic,,46.58,0.00,1
2026-08-10,16724,C-07922,email,,57.15,0.00,0
2026-08-10,16725,C-07901,paid_search,SPRING15,51.86,16.37,0
2026-08-10,16727,C-05141,marketplace,,48.12,0.00,0
2026-08-10,16729,C-07887,paid_search,SAVE20,40.15,16.37,0
2026-08-10,16731,C-04277,marketplace,,59.75,0.00,0
2026-08-10,16732,C-07890,paid_search,WELCOME10,61.03,19.91,1
2026-08-10,16733,C-03394,email,,71.71,0.00,0
2026-08-10,16735,C-04394,email,,73.17,0.00,0
2026-08-10,16737,C-07926,email,,59.22,0.00,0
2026-08-10,16740,C-07938,email,,50.50,0.00,1
2026-08-10,16742,C-07909,marketplace,WELCOME10,54.79,12.18,0
2026-08-10,16743,C-07031,email,,56.85,0.00,0
2026-08-10,16744,C-02226,email,,53.32,0.00,0
2026-08-10,16745,C-07921,marketplace,,42.79,0.00,0
2026-08-10,16746,C-02463,email,,88.32,0.00,0
2026-08-10,16747,C-07899,paid_search,WELCOME10,48.71,17.26,1
2026-08-10,16748,C-06162,paid_search,SPRING15,50.41,4.49,0
2026-08-10,16751,C-07900,paid_search,WELCOME10,55.55,18.35,1
2026-08-10,16752,C-07915,marketplace,,73.90,0.00,0
2026-08-10,16754,C-07928,email,SPRING15,58.16,6.38,0
2026-08-10,16757,C-00586,email,,82.21,0.00,0
2026-08-10,16758,C-07880,paid_search,SAVE20,51.79,20.39,0
2026-08-10,16759,C-03220,marketplace,,97.39,0.00,0
2026-08-10,16760,C-07913,marketplace,,46.52,0.00,0
2026-08-10,16761,C-07916,marketplace,,59.73,0.00,0
2026-08-10,16764,C-04022,organic,,72.52,0.00,0
2026-08-10,16765,C-07947,organic,,39.02,0.00,0
2026-08-10,16768,C-07907,marketplace,,62.54,0.00,0
2026-08-10,16769,C-04784,marketplace,SPRING15,48.95,4.97,0
2026-08-10,16770,C-01906,marketplace,,65.74,0.00,0
2026-08-10,16771,C-03065,marketplace,SPRING15,64.85,7.25,0
2026-08-10,16772,C-05420,email,THANKYOU5,59.11,9.63,1
2026-08-10,16773,C-07897,paid_search,THANKYOU5,61.53,24.17,0
2026-08-10,16774,C-07888,paid_search,SAVE20,67.44,24.92,0
2026-08-10,16775,C-07935,email,WELCOME10,50.61,4.14,1
2026-08-10,16777,C-04300,paid_search,,43.94,0.00,0
2026-08-10,16778,C-06357,paid_search,,69.44,0.00,1
2026-08-10,16779,C-06383,email,,82.75,0.00,0
2026-08-10,16782,C-07927,email,,45.03,0.00,0
2026-08-10,16783,C-02920,organic,,83.28,0.00,0
2026-08-10,16786,C-07883,paid_search,SAVE20,70.14,23.10,1
2026-08-10,16787,C-07930,email,,44.20,0.00,0
2026-08-10,16788,C-07911,marketplace,,41.46,0.00,0
2026-08-10,16791,C-07918,marketplace,,68.01,0.00,0
2026-08-10,16792,C-03400,email,,92.00,0.00,0
2026-08-10,16793,C-07920,marketplace,SAVE20,42.10,6.97,0
2026-08-10,16794,C-05700,email,,61.89,0.00,1
2026-08-10,16795,C-07923,email,SPRING15,43.53,2.68,0
2026-08-10,16796,C-07932,email,THANKYOU5,66.15,5.43,0
2026-08-10,16797,C-07885,paid_search,THANKYOU5,45.04,13.30,1
2026-08-10,16798,C-07914,marketplace,,43.99,0.00,0
2026-08-10,16800,C-07903,paid_search,,89.61,0.00,0
2026-08-10,16801,C-07939,email,WELCOME10,39.13,3.46,0
2026-08-10,16803,C-07924,email,,58.46,0.00,0
2026-08-10,16806,C-07908,marketplace,,56.64,0.00,0
2026-08-10,16808,C-07944,organic,,62.89,0.00,0
2026-08-10,16811,C-07917,marketplace,,77.96,0.00,0
2026-08-10,16812,C-04597,marketplace,,49.03,0.00,0
2026-08-10,16813,C-07884,paid_search,THANKYOU5,43.81,14.99,0
2026-08-10,16814,C-07881,paid_search,WELCOME10,46.50,12.28,1
2026-08-11,16815,C-07959,paid_search,WELCOME10,59.64,14.18,0
2026-08-11,16818,C-03527,paid_search,,66.91,0.00,0
2026-08-11,16821,C-07988,email,,57.44,0.00,0
2026-08-11,16822,C-07964,paid_search,WELCOME10,62.58,19.29,0
2026-08-11,16824,C-07991,email,,69.73,0.00,0
2026-08-11,16825,C-01299,paid_search,,77.06,0.00,0
2026-08-11,16828,C-07966,paid_search,WELCOME10,66.91,20.69,0
2026-08-11,16830,C-07952,paid_search,SPRING15,59.04,15.93,1
2026-08-11,16831,C-07963,paid_search,SPRING15,59.72,13.53,0
2026-08-11,16833,C-08003,organic,,42.72,0.00,0
2026-08-11,16836,C-07994,email,WELCOME10,44.51,3.31,0
2026-08-11,16837,C-05298,paid_search,,54.92,0.00,0
2026-08-11,16840,C-03956,email,WELCOME10,62.43,5.75,1
2026-08-11,16841,C-06866,email,,57.07,0.00,0
2026-08-11,16842,C-03012,marketplace,,45.21,0.00,0
2026-08-11,16844,C-07962,paid_search,SAVE20,54.60,19.27,0
2026-08-11,16845,C-07998,organic,,70.96,0.00,0
2026-08-11,16846,C-00256,organic,WELCOME10,81.17,11.91,0
2026-08-11,16848,C-02344,marketplace,THANKYOU5,74.85,7.05,1
2026-08-11,16849,C-04607,organic,,81.28,0.00,0
2026-08-11,16850,C-03491,marketplace,,62.77,0.00,0
2026-08-11,16853,C-07975,marketplace,,72.82,0.00,0
2026-08-11,16854,C-00693,marketplace,,50.97,0.00,1
2026-08-11,16856,C-07970,marketplace,,67.81,0.00,0
2026-08-11,16857,C-07982,marketplace,,49.64,0.00,0
2026-08-11,16858,C-01780,email,,86.52,0.00,0
2026-08-11,16859,C-00912,email,,67.02,0.00,0
2026-08-11,16860,C-07992,email,WELCOME10,39.85,6.24,0
2026-08-11,16862,C-04130,email,,81.73,0.00,0
2026-08-11,16863,C-07979,marketplace,SAVE20,45.52,9.47,0
2026-08-11,16864,C-08001,organic,,48.66,0.00,0
2026-08-11,16866,C-04955,email,,61.17,0.00,0
2026-08-11,16867,C-04825,email,SPRING15,79.18,5.12,0
2026-08-11,16868,C-07951,paid_search,WELCOME10,45.48,17.24,0
2026-08-11,16870,C-07978,marketplace,,57.58,0.00,0
2026-08-11,16873,C-05482,organic,,85.08,0.00,0
2026-08-11,16875,C-07957,paid_search,WELCOME10,55.91,23.82,1
2026-08-11,16878,C-07968,paid_search,THANKYOU5,53.29,12.52,1
2026-08-11,16881,C-07955,paid_search,SPRING15,51.13,21.85,1
2026-08-11,16884,C-07983,marketplace,,62.70,0.00,1
2026-08-11,16885,C-06615,email,,59.41,0.00,0
2026-08-11,16886,C-00925,organic,,59.61,0.00,0
2026-08-11,16888,C-05701,email,,63.08,0.00,0
2026-08-11,16889,C-03947,marketplace,,58.83,0.00,0
2026-08-11,16891,C-04707,email,SAVE20,66.36,10.06,1
2026-08-11,16892,C-01939,email,,66.19,0.00,0
2026-08-11,16893,C-07976,marketplace,THANKYOU5,50.95,7.56,0
2026-08-11,16894,C-07958,paid_search,SPRING15,62.45,26.59,0
2026-08-11,16897,C-07965,paid_search,SAVE20,76.31,19.16,1
2026-08-11,16899,C-02511,marketplace,,47.07,0.00,0
2026-08-11,16902,C-08002,organic,,54.38,0.00,0
2026-08-11,16903,C-07972,marketplace,THANKYOU5,57.21,6.68,0
2026-08-11,16904,C-07956,paid_search,SAVE20,44.20,14.63,0
2026-08-11,16905,C-08004,organic,,37.61,0.00,0
2026-08-11,16906,C-00159,paid_search,,76.78,0.00,0
2026-08-11,16907,C-01146,organic,,54.21,0.00,0
2026-08-11,16908,C-06519,email,SPRING15,82.22,7.20,0
2026-08-11,16909,C-01012,marketplace,,61.82,0.00,1
2026-08-11,16911,C-08000,organic,,78.00,0.00,0
2026-08-11,16912,C-07953,paid_search,SPRING15,72.46,16.00,1
2026-08-11,16915,C-07996,email,THANKYOU5,42.16,4.70,0
2026-08-11,16916,C-07961,paid_search,,63.40,0.00,0
2026-08-11,16917,C-07990,email,,60.80,0.00,0
2026-08-11,16918,C-05037,email,THANKYOU5,56.12,7.33,0
2026-08-11,16921,C-00777,email,,55.06,0.00,0
2026-08-11,16922,C-07974,marketplace,,44.68,0.00,0
2026-08-11,16923,C-01301,organic,,75.22,0.00,0
2026-08-11,16924,C-07995,email,SAVE20,62.33,3.74,0
2026-08-11,16927,C-07949,paid_search,SPRING15,57.26,23.94,0
2026-08-11,16929,C-07981,marketplace,,53.88,0.00,0
2026-08-11,16930,C-06076,paid_search,,54.87,0.00,1
2026-08-11,16931,C-07984,marketplace,,72.76,0.00,0
2026-08-11,16932,C-07989,email,,44.51,0.00,0
2026-08-11,16933,C-07987,email,THANKYOU5,58.69,4.65,0
2026-08-11,16935,C-03035,marketplace,,65.40,0.00,0
2026-08-11,16936,C-07997,email,SPRING15,38.64,6.22,0
2026-08-11,16937,C-07954,paid_search,WELCOME10,53.70,15.47,0
2026-08-11,16938,C-07977,marketplace,,60.42,0.00,0
2026-08-11,16939,C-02455,marketplace,,46.66,0.00,0
2026-08-11,16940,C-07950,paid_search,SPRING15,75.34,19.44,0
2026-08-11,16942,C-07960,paid_search,SPRING15,47.55,12.53,0
2026-08-11,16943,C-05710,paid_search,,75.63,0.00,0
2026-08-11,16944,C-00735,paid_search,,87.53,0.00,1
2026-08-11,16945,C-07967,paid_search,SAVE20,54.87,22.68,1
2026-08-11,16946,C-03322,marketplace,,76.53,0.00,0
2026-08-11,16948,C-01229,marketplace,,51.07,0.00,0
2026-08-11,16949,C-04352,email,,53.91,0.00,0
2026-08-11,16950,C-07980,marketplace,,48.71,0.00,0
2026-08-11,16951,C-07999,organic,,77.37,0.00,0
2026-08-11,16952,C-07993,email,,40.57,0.00,0
2026-08-11,16953,C-07969,paid_search,WELCOME10,53.43,13.88,0
2026-08-11,16954,C-07985,marketplace,,50.17,0.00,0
2026-08-11,16955,C-07971,marketplace,,43.13,0.00,0
2026-08-11,16956,C-06260,email,,90.59,0.00,0
2026-08-11,16959,C-07986,email,,67.42,0.00,0
2026-08-11,16960,C-03397,paid_search,,101.52,0.00,1
2026-08-11,16961,C-01868,marketplace,,58.68,0.00,0
2026-08-11,16962,C-07973,marketplace,,46.15,0.00,0
2026-08-12,16965,C-08049,marketplace,,48.44,0.00,0
2026-08-12,16968,C-08006,paid_search,WELCOME10,51.52,21.58,0
2026-08-12,16969,C-08009,paid_search,THANKYOU5,49.25,11.08,1
2026-08-12,16970,C-00781,email,SAVE20,73.21,9.95,0
2026-08-12,16973,C-08063,email,,73.32,0.00,0
2026-08-12,16976,C-08038,marketplace,THANKYOU5,35.81,8.53,0
2026-08-12,16977,C-06907,paid_search,,54.57,0.00,0
2026-08-12,16978,C-08011,paid_search,THANKYOU5,49.17,11.96,1
2026-08-12,16979,C-08069,organic,,60.29,0.00,0
2026-08-12,16980,C-00782,email,,66.62,0.00,0
2026-08-12,16981,C-08024,paid_search,WELCOME10,44.35,12.74,0
2026-08-12,16982,C-08035,marketplace,SAVE20,48.58,11.96,0
2026-08-12,16983,C-02262,marketplace,,53.98,0.00,0
2026-08-12,16985,C-05472,organic,,82.84,0.00,0
2026-08-12,16986,C-08055,email,,73.58,0.00,0
2026-08-12,16987,C-05204,paid_search,,62.51,0.00,1
2026-08-12,16990,C-08071,organic,,38.93,0.00,0
2026-08-12,16992,C-04176,paid_search,SAVE20,69.77,4.04,1
2026-08-12,16993,C-08014,paid_search,,93.17,0.00,0
2026-08-12,16994,C-08021,paid_search,,65.20,0.00,0
2026-08-12,16995,C-04934,marketplace,,46.63,0.00,0
2026-08-12,16996,C-08032,marketplace,,60.99,0.00,0
2026-08-12,16997,C-08016,paid_search,WELCOME10,46.16,17.71,0
2026-08-12,16998,C-08033,marketplace,,76.16,0.00,1
2026-08-12,16999,C-08044,marketplace,,76.96,0.00,0
2026-08-12,17000,C-08051,email,,59.25,0.00,1
2026-08-12,17002,C-02967,email,,55.91,0.00,0
2026-08-12,17003,C-08056,email,,59.49,0.00,0
2026-08-12,17004,C-08041,marketplace,,79.00,0.00,1
2026-08-12,17005,C-03338,paid_search,,67.67,0.00,0
2026-08-12,17006,C-03323,marketplace,,83.63,0.00,0
2026-08-12,17007,C-08061,email,,53.28,0.00,0
2026-08-12,17008,C-05689,marketplace,,66.40,0.00,1
2026-08-12,17009,C-08065,email,,51.87,0.00,1
2026-08-12,17010,C-08057,email,,59.57,0.00,0
2026-08-12,17011,C-08047,marketplace,SPRING15,44.76,5.66,0
2026-08-12,17012,C-08054,email,,63.73,0.00,0
2026-08-12,17015,C-08013,paid_search,SPRING15,73.03,19.36,0
2026-08-12,17018,C-08027,paid_search,THANKYOU5,65.06,27.25,0
2026-08-12,17019,C-08058,email,SPRING15,55.34,9.48,0
2026-08-12,17020,C-08067,organic,,41.59,0.00,0
2026-08-12,17022,C-08050,email,,62.68,0.00,1
2026-08-12,17023,C-08064,email,,64.03,0.00,0
2026-08-12,17024,C-08012,paid_search,SAVE20,77.07,18.39,0
2026-08-12,17025,C-02592,paid_search,,49.00,0.00,0
2026-08-12,17026,C-02597,marketplace,,62.54,0.00,0
2026-08-12,17027,C-08026,paid_search,SAVE20,54.10,19.71,0
2026-08-12,17028,C-08015,paid_search,SPRING15,45.18,14.77,0
2026-08-12,17029,C-08053,email,,50.14,0.00,0
2026-08-12,17030,C-08066,organic,,64.76,0.00,0
2026-08-12,17033,C-01813,marketplace,,59.69,0.00,0
2026-08-12,17036,C-03196,marketplace,,62.11,0.00,1
2026-08-12,17038,C-00680,marketplace,,80.35,0.00,0
2026-08-12,17041,C-08039,marketplace,WELCOME10,36.54,7.86,0
2026-08-12,17042,C-08037,marketplace,SAVE20,57.27,7.92,0
2026-08-12,17043,C-08070,organic,SPRING15,51.83,8.12,0
2026-08-12,17045,C-08060,email,,45.25,0.00,0
2026-08-12,17046,C-08045,marketplace,,57.90,0.00,0
2026-08-12,17047,C-08042,marketplace,,75.14,0.00,0
2026-08-12,17048,C-04806,marketplace,,74.44,0.00,0
2026-08-12,17051,C-06034,email,,63.18,0.00,0
2026-08-12,17053,C-05266,email,,62.89,0.00,0
2026-08-12,17056,C-03773,paid_search,,73.92,0.00,1
2026-08-12,17057,C-08023,paid_search,,81.64,0.00,1
2026-08-12,17058,C-08019,paid_search,,81.19,0.00,1
2026-08-12,17059,C-08036,marketplace,WELCOME10,69.65,12.09,0
2026-08-12,17061,C-08072,organic,,58.53,0.00,0
2026-08-12,17064,C-03536,email,,69.60,0.00,0
2026-08-12,17065,C-08052,email,,49.63,0.00,0
2026-08-12,17066,C-01881,email,,94.74,0.00,0
2026-08-12,17068,C-02962,email,,83.06,0.00,0
2026-08-12,17069,C-01536,email,SPRING15,51.23,6.33,0
2026-08-12,17072,C-08018,paid_search,,62.64,0.00,0
2026-08-12,17074,C-08029,paid_search,THANKYOU5,65.72,16.25,0
2026-08-12,17075,C-05562,paid_search,WELCOME10,39.44,6.50,0
2026-08-12,17076,C-08043,marketplace,SPRING15,65.86,15.00,0
2026-08-12,17077,C-08007,paid_search,THANKYOU5,43.42,13.74,0
2026-08-12,17079,C-08040,marketplace,,48.24,0.00,0
2026-08-12,17082,C-00734,organic,,64.85,0.00,1
2026-08-12,17083,C-08062,email,,52.02,0.00,0
2026-08-12,17084,C-05189,marketplace,,47.42,0.00,0
2026-08-12,17085,C-00528,email,,63.75,0.00,0
2026-08-12,17086,C-08048,marketplace,,55.36,0.00,0
2026-08-12,17089,C-02100,email,,73.08,0.00,1
2026-08-12,17090,C-05717,organic,,66.17,0.00,0
2026-08-12,17091,C-06035,email,,93.01,0.00,0
2026-08-12,17092,C-08010,paid_search,SAVE20,57.66,14.26,0
2026-08-12,17093,C-08025,paid_search,THANKYOU5,50.18,12.20,0
2026-08-12,17094,C-03837,marketplace,,86.74,0.00,0
2026-08-12,17097,C-08028,paid_search,SAVE20,53.21,11.86,0
2026-08-12,17098,C-02465,email,,109.14,0.00,0
2026-08-12,17101,C-00570,marketplace,,60.77,0.00,1
2026-08-12,17102,C-08005,paid_search,THANKYOU5,41.14,15.24,0
2026-08-12,17103,C-08068,organic,,70.19,0.00,0
2026-08-12,17104,C-08017,paid_search,SAVE20,68.00,22.88,0
2026-08-12,17107,C-08022,paid_search,THANKYOU5,52.09,14.56,0
2026-08-12,17110,C-08008,paid_search,,78.81,0.00,0
2026-08-12,17112,C-08020,paid_search,,75.03,0.00,1
2026-08-12,17113,C-03793,organic,,61.28,0.00,0
2026-08-12,17116,C-08046,marketplace,,70.17,0.00,0
2026-08-12,17118,C-08034,marketplace,,63.83,0.00,0
2026-08-12,17120,C-08059,email,THANKYOU5,61.07,8.46,0
2026-08-12,17121,C-08030,paid_search,THANKYOU5,46.07,16.89,0
2026-08-12,17122,C-06620,organic,,52.29,0.00,0
2026-08-12,17123,C-08031,marketplace,,52.45,0.00,0
2026-08-12,17124,C-04183,marketplace,SPRING15,59.14,4.56,0
2026-08-13,17125,C-08141,organic,,43.80,0.00,0
2026-08-13,17128,C-08133,email,,42.30,0.00,0
2026-08-13,17130,C-08125,email,,57.36,0.00,0
2026-08-13,17132,C-08093,paid_search,THANKYOU5,66.21,16.41,0
2026-08-13,17133,C-08086,paid_search,THANKYOU5,56.00,18.63,0
2026-08-13,17134,C-08112,marketplace,SAVE20,61.24,13.01,0
2026-08-13,17135,C-08079,paid_search,SAVE20,47.93,18.06,0
2026-08-13,17136,C-08128,email,SAVE20,60.39,4.49,0
2026-08-13,17137,C-08121,email,WELCOME10,55.24,4.86,0
2026-08-13,17138,C-00262,email,THANKYOU5,75.87,8.16,0
2026-08-13,17139,C-08090,paid_search,,64.21,0.00,0
2026-08-13,17141,C-08126,email,SAVE20,51.20,2.87,0
2026-08-13,17142,C-08110,marketplace,,41.11,0.00,0
2026-08-13,17143,C-08106,marketplace,,52.89,0.00,0
2026-08-13,17144,C-08130,email,,46.75,0.00,0
2026-08-13,17145,C-08135,organic,,73.85,0.00,0
2026-08-13,17146,C-05603,organic,,97.80,0.00,0
2026-08-13,17148,C-08122,email,,72.50,0.00,0
2026-08-13,17149,C-08074,paid_search,THANKYOU5,64.42,19.22,1
2026-08-13,17150,C-08113,marketplace,SAVE20,49.65,6.95,0
2026-08-13,17151,C-08097,paid_search,THANKYOU5,53.10,15.08,1
2026-08-13,17152,C-08109,marketplace,SPRING15,52.14,10.68,0
2026-08-13,17153,C-05728,paid_search,,52.97,0.00,0
2026-08-13,17154,C-08091,paid_search,THANKYOU5,58.17,15.09,1
2026-08-13,17155,C-02900,marketplace,SPRING15,62.78,6.40,0
2026-08-13,17156,C-01781,email,,58.07,0.00,0
2026-08-13,17157,C-08123,email,,51.60,0.00,1
2026-08-13,17159,C-02468,email,SPRING15,69.45,11.17,0
2026-08-13,17160,C-08087,paid_search,WELCOME10,64.21,19.04,0
2026-08-13,17161,C-08115,marketplace,,48.47,0.00,0
2026-08-13,17163,C-08073,paid_search,SAVE20,47.12,13.57,0
2026-08-13,17165,C-08077,paid_search,THANKYOU5,67.89,18.51,0
2026-08-13,17166,C-05967,marketplace,,56.41,0.00,0
2026-08-13,17168,C-08095,paid_search,THANKYOU5,66.29,26.66,0
2026-08-13,17169,C-03022,email,,64.89,0.00,0
2026-08-13,17170,C-05381,organic,,81.53,0.00,0
2026-08-13,17171,C-08119,email,,53.73,0.00,0
2026-08-13,17172,C-08096,paid_search,WELCOME10,51.89,18.96,1
2026-08-13,17173,C-08142,organic,,39.06,0.00,0
2026-08-13,17174,C-08138,organic,,64.03,0.00,0
2026-08-13,17175,C-08085,paid_search,THANKYOU5,54.65,18.44,0
2026-08-13,17176,C-08108,marketplace,,65.77,0.00,0
2026-08-13,17178,C-08124,email,,73.25,0.00,0
2026-08-13,17179,C-08101,paid_search,,57.93,0.00,0
2026-08-13,17180,C-02453,marketplace,,45.52,0.00,0
2026-08-13,17181,C-08111,marketplace,,49.18,0.00,0
2026-08-13,17183,C-08137,organic,SAVE20,48.03,6.41,1
2026-08-13,17184,C-04773,email,THANKYOU5,71.47,10.24,0
2026-08-13,17187,C-08139,organic,,73.47,0.00,0
2026-08-13,17188,C-08134,email,,66.60,0.00,0
2026-08-13,17189,C-04627,email,,43.86,0.00,0
2026-08-13,17190,C-08103,marketplace,SPRING15,37.06,8.62,0
2026-08-13,17192,C-08089,paid_search,SPRING15,43.41,14.21,0
2026-08-13,17193,C-03691,email,SAVE20,77.22,5.27,0
2026-08-13,17194,C-03850,paid_search,,61.29,0.00,0
2026-08-13,17195,C-08081,paid_search,,76.56,0.00,0
2026-08-13,17196,C-08084,paid_search,SPRING15,65.09,18.55,0
2026-08-13,17197,C-08099,paid_search,THANKYOU5,65.02,23.58,0
2026-08-13,17198,C-08080,paid_search,SAVE20,56.51,21.62,0
2026-08-13,17199,C-01839,organic,,90.65,0.00,1
2026-08-13,17200,C-08107,marketplace,THANKYOU5,39.33,8.25,0
2026-08-13,17202,C-08083,paid_search,,84.38,0.00,0
2026-08-13,17203,C-03730,organic,,50.57,0.00,0
2026-08-13,17205,C-04520,organic,,44.93,0.00,0
2026-08-13,17206,C-01619,email,,88.80,0.00,0
2026-08-13,17207,C-08098,paid_search,SAVE20,62.14,15.74,0
2026-08-13,17208,C-08078,paid_search,THANKYOU5,49.74,21.24,0
2026-08-13,17209,C-01701,marketplace,SAVE20,49.15,3.72,0
2026-08-13,17210,C-08104,marketplace,,76.78,0.00,1
2026-08-13,17211,C-02568,email,,69.27,0.00,0
2026-08-13,17212,C-03392,email,THANKYOU5,85.41,14.39,0
2026-08-13,17213,C-05372,email,THANKYOU5,83.81,13.19,0
2026-08-13,17214,C-08082,paid_search,,58.53,0.00,0
2026-08-13,17217,C-08100,paid_search,WELCOME10,47.61,10.59,1
2026-08-13,17218,C-08131,email,WELCOME10,64.87,4.11,0
2026-08-13,17219,C-08088,paid_search,SAVE20,72.76,20.24,1
2026-08-13,17220,C-08132,email,WELCOME10,47.90,3.55,0
2026-08-13,17221,C-08120,email,,72.83,0.00,0
2026-08-13,17222,C-02289,organic,THANKYOU5,45.13,6.28,0
2026-08-13,17223,C-05616,paid_search,,68.12,0.00,1
2026-08-13,17224,C-02419,email,,74.82,0.00,0
2026-08-13,17226,C-08092,paid_search,THANKYOU5,69.42,16.66,1
2026-08-13,17227,C-08136,organic,,71.69,0.00,0
2026-08-13,17230,C-07343,email,,55.69,0.00,0
2026-08-13,17231,C-01705,email,,60.14,0.00,0
2026-08-13,17232,C-02905,paid_search,,39.83,0.00,0
2026-08-13,17233,C-05905,marketplace,,48.93,0.00,0
2026-08-13,17234,C-08114,marketplace,,77.83,0.00,0
2026-08-13,17235,C-03602,organic,,46.36,0.00,0
2026-08-13,17237,C-08117,marketplace,,66.72,0.00,0
2026-08-13,17238,C-08094,paid_search,SPRING15,46.24,16.38,1
2026-08-13,17239,C-08140,organic,,76.15,0.00,0
2026-08-13,17240,C-06716,paid_search,,86.03,0.00,0
2026-08-13,17241,C-03086,email,,68.13,0.00,0
2026-08-13,17242,C-04186,paid_search,,68.40,0.00,0
2026-08-13,17244,C-08127,email,,48.64,0.00,0
2026-08-13,17245,C-05842,email,,61.35,0.00,0
2026-08-13,17246,C-00171,organic,,40.27,0.00,0
2026-08-13,17249,C-08118,email,SAVE20,55.63,3.12,0
2026-08-13,17250,C-08129,email,,40.34,0.00,0
2026-08-13,17251,C-00766,marketplace,SAVE20,37.44,2.63,0
2026-08-13,17254,C-05642,marketplace,,71.45,0.00,0
2026-08-13,17255,C-03034,organic,,61.23,0.00,1
2026-08-13,17256,C-00869,organic,,73.66,0.00,0
2026-08-13,17257,C-01019,email,,56.85,0.00,0
2026-08-13,17260,C-08116,marketplace,,47.95,0.00,1
2026-08-13,17261,C-08076,paid_search,THANKYOU5,47.00,13.68,1
2026-08-13,17262,C-00217,paid_search,,81.94,0.00,0
2026-08-13,17265,C-03934,paid_search,,63.04,0.00,0
2026-08-13,17266,C-08102,marketplace,,46.36,0.00,0
2026-08-13,17267,C-08105,marketplace,,79.34,0.00,0
2026-08-13,17268,C-08075,paid_search,SAVE20,67.45,28.36,0
2026-08-14,17269,C-08195,email,,55.33,0.00,0
2026-08-14,17271,C-08161,paid_search,,64.11,0.00,0
2026-08-14,17272,C-04041,paid_search,THANKYOU5,68.36,7.01,0
2026-08-14,17273,C-08160,paid_search,THANKYOU5,54.41,19.07,0
2026-08-14,17274,C-06518,email,SPRING15,78.03,5.99,0
2026-08-14,17275,C-03330,email,,63.54,0.00,0
2026-08-14,17278,C-08155,paid_search,THANKYOU5,49.96,14.74,1
2026-08-14,17279,C-05467,marketplace,,80.41,0.00,0
2026-08-14,17280,C-03719,marketplace,,55.37,0.00,0
2026-08-14,17281,C-08168,paid_search,THANKYOU5,52.80,22.04,0
2026-08-14,17282,C-03020,email,,96.14,0.00,0
2026-08-14,17283,C-08183,marketplace,,80.00,0.00,1
2026-08-14,17285,C-05723,paid_search,WELCOME10,42.30,5.68,0
2026-08-14,17288,C-08193,email,,69.72,0.00,0
2026-08-14,17289,C-08159,paid_search,WELCOME10,45.13,14.77,0
2026-08-14,17290,C-08167,paid_search,,76.76,0.00,0
2026-08-14,17291,C-08185,email,,71.66,0.00,0
2026-08-14,17294,C-04862,paid_search,,65.25,0.00,0
2026-08-14,17295,C-04199,email,SPRING15,98.21,12.63,0
2026-08-14,17296,C-08146,paid_search,SAVE20,64.97,15.77,0
2026-08-14,17299,C-06338,organic,,54.95,0.00,0
2026-08-14,17302,C-03991,email,,45.16,0.00,0
2026-08-14,17303,C-08204,organic,,54.61,0.00,0
2026-08-14,17304,C-08201,organic,,74.51,0.00,0
2026-08-14,17307,C-03507,organic,,75.37,0.00,0
2026-08-14,17308,C-08148,paid_search,SPRING15,55.21,16.28,0
2026-08-14,17311,C-08171,marketplace,,44.76,0.00,0
2026-08-14,17312,C-08165,paid_search,SPRING15,68.31,20.82,1
2026-08-14,17313,C-08179,marketplace,,52.66,0.00,0
2026-08-14,17314,C-08199,email,,55.98,0.00,0
2026-08-14,17316,C-00358,email,,81.59,0.00,0
2026-08-14,17317,C-08178,marketplace,,81.27,0.00,1
2026-08-14,17319,C-01778,organic,,76.20,0.00,0
2026-08-14,17321,C-08173,marketplace,,48.96,0.00,0
2026-08-14,17324,C-08170,paid_search,,78.12,0.00,0
2026-08-14,17325,C-08207,organic,SAVE20,32.01,4.21,0
2026-08-14,17326,C-08144,paid_search,SPRING15,69.76,20.69,0
2026-08-14,17327,C-06146,email,,74.09,0.00,0
2026-08-14,17328,C-08181,marketplace,,56.91,0.00,0
2026-08-14,17329,C-08145,paid_search,THANKYOU5,63.48,24.37,0
2026-08-14,17330,C-08197,email,,44.36,0.00,0
2026-08-14,17331,C-08186,email,WELCOME10,39.69,6.32,0
2026-08-14,17332,C-08206,organic,,46.84,0.00,1
2026-08-14,17334,C-08184,marketplace,,76.45,0.00,0
2026-08-14,17336,C-08156,paid_search,WELCOME10,69.84,22.19,0
2026-08-14,17337,C-06240,paid_search,,57.66,0.00,0
2026-08-14,17338,C-02503,marketplace,THANKYOU5,64.65,6.42,1
2026-08-14,17341,C-00095,email,,72.34,0.00,0
2026-08-14,17342,C-06932,email,,73.23,0.00,1
2026-08-14,17343,C-04890,email,,84.62,0.00,1
2026-08-14,17344,C-08180,marketplace,,68.71,0.00,0
2026-08-14,17345,C-02583,paid_search,SPRING15,48.57,5.86,1
2026-08-14,17346,C-06246,marketplace,,46.49,0.00,0
2026-08-14,17347,C-05681,organic,,48.73,0.00,0
2026-08-14,17348,C-08162,paid_search,SAVE20,52.73,21.33,0
2026-08-14,17349,C-08188,email,,54.80,0.00,0
2026-08-14,17350,C-08200,email,,51.52,0.00,0
2026-08-14,17352,C-08175,marketplace,WELCOME10,68.38,9.98,0
2026-08-14,17353,C-08205,organic,THANKYOU5,66.42,10.98,0
2026-08-14,17354,C-08153,paid_search,WELCOME10,66.99,24.30,0
2026-08-14,17355,C-05400,paid_search,,39.59,0.00,0
2026-08-14,17358,C-06044,organic,,89.37,0.00,0
2026-08-14,17360,C-08143,paid_search,WELCOME10,67.76,22.84,1
2026-08-14,17362,C-02621,email,,58.16,0.00,0
2026-08-14,17365,C-01421,paid_search,THANKYOU5,43.88,5.40,1
2026-08-14,17367,C-08169,paid_search,THANKYOU5,51.34,12.70,0
2026-08-14,17368,C-05607,email,,92.33,0.00,0
2026-08-14,17371,C-08176,marketplace,WELCOME10,39.17,8.63,1
2026-08-14,17372,C-08203,organic,THANKYOU5,44.67,7.13,0
2026-08-14,17374,C-08151,paid_search,WELCOME10,63.33,14.70,1
2026-08-14,17376,C-08164,paid_search,WELCOME10,42.98,15.72,0
2026-08-14,17377,C-08157,paid_search,WELCOME10,59.90,22.93,0
2026-08-14,17378,C-08187,email,SPRING15,44.38,6.97,0
2026-08-14,17381,C-08149,paid_search,WELCOME10,50.16,18.31,0
2026-08-14,17382,C-08154,paid_search,WELCOME10,66.17,15.70,1
2026-08-14,17384,C-05000,email,,95.18,0.00,0
2026-08-14,17385,C-08177,marketplace,SPRING15,51.21,10.73,0
2026-08-14,17386,C-07022,marketplace,THANKYOU5,53.08,4.88,0
2026-08-14,17387,C-08163,paid_search,WELCOME10,52.31,16.73,1
2026-08-14,17389,C-08182,marketplace,SPRING15,41.87,10.29,1
2026-08-14,17390,C-00660,paid_search,,72.25,0.00,0
2026-08-14,17391,C-06129,marketplace,,37.65,0.00,0
2026-08-14,17392,C-08191,email,,60.19,0.00,0
2026-08-14,17393,C-08208,organic,SPRING15,35.37,5.38,0
2026-08-14,17394,C-08166,paid_search,WELCOME10,43.00,17.64,1
2026-08-14,17397,C-08194,email,,62.94,0.00,0
2026-08-14,17398,C-01463,email,,104.30,0.00,0
2026-08-14,17401,C-05686,marketplace,,66.11,0.00,0
2026-08-14,17403,C-03337,email,,66.10,0.00,1
2026-08-14,17404,C-08192,email,,42.46,0.00,0
2026-08-14,17405,C-08174,marketplace,,76.31,0.00,0
2026-08-14,17406,C-04729,organic,,46.70,0.00,0
2026-08-14,17407,C-08190,email,THANKYOU5,64.73,7.15,0
2026-08-14,17409,C-08158,paid_search,,92.85,0.00,1
2026-08-14,17410,C-08152,paid_search,WELCOME10,66.79,20.33,0
2026-08-14,17412,C-04118,marketplace,,56.69,0.00,0
2026-08-14,17415,C-01021,email,,62.23,0.00,0
2026-08-14,17416,C-08198,email,SAVE20,63.11,5.35,0
2026-08-14,17417,C-08147,paid_search,THANKYOU5,50.49,14.31,0
2026-08-14,17418,C-01392,email,,54.70,0.00,0
2026-08-14,17419,C-03943,marketplace,,63.42,0.00,0
2026-08-14,17422,C-05087,marketplace,,90.44,0.00,0
2026-08-14,17423,C-08209,organic,,60.67,0.00,0
2026-08-14,17426,C-08202,organic,,46.30,0.00,0
2026-08-14,17428,C-03930,organic,,55.26,0.00,0
2026-08-14,17429,C-08172,marketplace,WELCOME10,58.14,9.19,0
2026-08-14,17432,C-05336,email,,52.46,0.00,0
2026-08-14,17433,C-08189,email,SPRING15,33.63,5.53,0
2026-08-14,17435,C-08196,email,THANKYOU5,43.78,7.45,0
2026-08-14,17436,C-03734,marketplace,,70.95,0.00,1
2026-08-14,17437,C-08150,paid_search,WELCOME10,53.22,12.01,1
2026-08-14,17439,C-04207,paid_search,,71.07,0.00,0
2026-08-15,17441,C-04963,organic,,44.68,0.00,0
2026-08-15,17442,C-08243,email,WELCOME10,58.37,7.93,0
2026-08-15,17444,C-04443,marketplace,,80.63,0.00,0
2026-08-15,17445,C-08212,paid_search,THANKYOU5,44.43,12.33,0
2026-08-15,17446,C-08232,marketplace,,54.32,0.00,0
2026-08-15,17447,C-08230,marketplace,SPRING15,58.59,6.97,0
2026-08-15,17449,C-08251,organic,,36.47,0.00,0
2026-08-15,17450,C-08246,email,SPRING15,61.34,5.01,0
2026-08-15,17451,C-08222,paid_search,WELCOME10,49.59,17.95,1
2026-08-15,17452,C-06530,organic,,67.93,0.00,0
2026-08-15,17454,C-08233,marketplace,,49.74,0.00,0
2026-08-15,17457,C-08227,marketplace,THANKYOU5,39.63,4.72,0
2026-08-15,17460,C-03745,email,,73.00,0.00,0
2026-08-15,17461,C-00093,paid_search,,89.69,0.00,0
2026-08-15,17463,C-08241,email,SAVE20,53.92,9.44,0
2026-08-15,17465,C-08253,organic,,68.09,0.00,0
2026-08-15,17467,C-08210,paid_search,,92.40,0.00,0
2026-08-15,17468,C-08244,email,,59.66,0.00,0
2026-08-15,17469,C-08218,paid_search,WELCOME10,66.23,17.19,1
2026-08-15,17470,C-06974,email,,53.48,0.00,0
2026-08-15,17471,C-08238,email,,53.09,0.00,0
2026-08-15,17472,C-08234,marketplace,,48.37,0.00,0
2026-08-15,17475,C-08216,paid_search,WELCOME10,64.04,20.46,0
2026-08-15,17476,C-06324,email,THANKYOU5,82.28,7.94,0
2026-08-15,17477,C-02764,marketplace,,66.76,0.00,1
2026-08-15,17478,C-08215,paid_search,THANKYOU5,50.52,13.81,0
2026-08-15,17479,C-06354,paid_search,,63.32,0.00,0
2026-08-15,17480,C-08217,paid_search,SAVE20,42.72,15.04,1
2026-08-15,17481,C-08240,email,,67.00,0.00,0
2026-08-15,17482,C-08221,paid_search,WELCOME10,54.07,14.66,0
2026-08-15,17484,C-03548,organic,,47.23,0.00,0
2026-08-15,17485,C-02333,marketplace,,39.51,0.00,0
2026-08-15,17488,C-04654,email,,66.95,0.00,0
2026-08-15,17489,C-05267,email,,74.66,0.00,0
2026-08-15,17490,C-06509,email,,66.08,0.00,0
2026-08-15,17491,C-02395,email,,76.90,0.00,0
2026-08-15,17492,C-04653,paid_search,,71.67,0.00,0
2026-08-15,17493,C-03005,email,,61.34,0.00,0
2026-08-15,17494,C-08214,paid_search,SPRING15,45.35,16.01,0
2026-08-15,17495,C-08235,marketplace,,76.37,0.00,0
2026-08-15,17496,C-08231,marketplace,SPRING15,34.92,6.85,0
2026-08-15,17497,C-08250,organic,,49.90,0.00,0
2026-08-15,17499,C-04403,paid_search,,68.93,0.00,0
2026-08-15,17500,C-08229,marketplace,,47.12,0.00,0
2026-08-15,17502,C-03740,marketplace,,73.98,0.00,0
2026-08-15,17503,C-04479,paid_search,,66.46,0.00,0
2026-08-15,17505,C-08248,organic,,77.49,0.00,0
2026-08-15,17506,C-07185,paid_search,,63.69,0.00,1
2026-08-15,17508,C-08220,paid_search,,94.36,0.00,1
2026-08-15,17511,C-08242,email,THANKYOU5,36.24,2.59,0
2026-08-15,17514,C-01175,marketplace,,53.22,0.00,1
2026-08-15,17515,C-02263,marketplace,SAVE20,56.57,7.41,0
2026-08-15,17516,C-03747,email,,45.14,0.00,0
2026-08-15,17519,C-08228,marketplace,,62.37,0.00,0
2026-08-15,17522,C-04636,marketplace,SAVE20,67.59,3.70,0
2026-08-15,17524,C-04206,email,SAVE20,82.19,9.67,0
2026-08-15,17525,C-08247,email,,43.39,0.00,0
2026-08-15,17526,C-08223,paid_search,SPRING15,66.53,15.92,1
2026-08-15,17527,C-08224,paid_search,THANKYOU5,56.03,17.74,0
2026-08-15,17528,C-03406,organic,,44.07,0.00,0
2026-08-15,17529,C-06965,marketplace,,71.77,0.00,0
2026-08-15,17530,C-08249,organic,,48.81,0.00,1
2026-08-15,17532,C-08237,email,SAVE20,36.80,5.11,0
2026-08-15,17533,C-00968,email,,94.45,0.00,0
2026-08-15,17534,C-04435,marketplace,THANKYOU5,58.23,5.52,0
2026-08-15,17535,C-08245,email,,64.51,0.00,1
2026-08-15,17536,C-08225,paid_search,SPRING15,46.42,16.47,0
2026-08-15,17538,C-02672,email,SAVE20,65.76,11.07,0
2026-08-15,17539,C-08239,email,,71.35,0.00,0
2026-08-15,17542,C-04088,organic,SPRING15,72.89,8.80,1
2026-08-15,17543,C-06460,organic,,56.02,0.00,0
2026-08-15,17544,C-08226,paid_search,WELCOME10,72.20,23.38,0
2026-08-15,17545,C-08211,paid_search,,56.81,0.00,0
2026-08-15,17546,C-02639,organic,,56.55,0.00,1
2026-08-15,17548,C-08219,paid_search,,70.70,0.00,1
2026-08-15,17549,C-03348,organic,,67.71,0.00,0
2026-08-15,17551,C-08213,paid_search,WELCOME10,65.99,24.87,1
2026-08-15,17553,C-08252,organic,,58.67,0.00,1
2026-08-15,17554,C-08236,marketplace,,43.01,0.00,0
2026-08-15,17556,C-00457,email,,80.99,0.00,0
2026-08-15,17558,C-00356,marketplace,,89.85,0.00,0
2026-08-16,17561,C-08290,email,THANKYOU5,45.54,2.89,0
2026-08-16,17562,C-00889,paid_search,,69.65,0.00,0
2026-08-16,17563,C-08280,marketplace,,47.48,0.00,1
2026-08-16,17564,C-08296,email,,45.35,0.00,0
2026-08-16,17565,C-04196,email,,96.52,0.00,0
2026-08-16,17566,C-08275,paid_search,SPRING15,76.69,16.85,1
2026-08-16,17567,C-08279,marketplace,,41.22,0.00,0
2026-08-16,17568,C-08289,email,,70.25,0.00,0
2026-08-16,17569,C-08256,paid_search,,75.49,0.00,0
2026-08-16,17570,C-08272,paid_search,THANKYOU5,75.09,16.86,0
2026-08-16,17573,C-02738,organic,WELCOME10,49.01,6.21,0
2026-08-16,17574,C-03024,email,,82.18,0.00,0
2026-08-16,17575,C-08298,organic,,69.59,0.00,0
2026-08-16,17578,C-04805,marketplace,,42.87,0.00,0
2026-08-16,17579,C-06100,paid_search,,81.44,0.00,0
2026-08-16,17580,C-08291,email,,43.17,0.00,0
2026-08-16,17581,C-08266,paid_search,WELCOME10,43.87,14.11,0
2026-08-16,17582,C-08302,organic,,51.80,0.00,0
2026-08-16,17583,C-02045,email,THANKYOU5,98.34,5.66,0
2026-08-16,17585,C-05959,marketplace,SAVE20,34.61,4.58,0
2026-08-16,17586,C-08267,paid_search,SPRING15,61.77,24.45,0
2026-08-16,17587,C-05075,paid_search,,53.11,0.00,0
2026-08-16,17589,C-08257,paid_search,THANKYOU5,56.08,19.32,1
2026-08-16,17590,C-08282,marketplace,,42.45,0.00,0
2026-08-16,17592,C-05786,paid_search,,91.11,0.00,0
2026-08-16,17593,C-06216,email,,65.09,0.00,0
2026-08-16,17594,C-08301,organic,,78.46,0.00,0
2026-08-16,17596,C-08265,paid_search,SAVE20,63.13,15.42,0
2026-08-16,17597,C-08263,paid_search,,93.51,0.00,0
2026-08-16,17598,C-08297,organic,,77.32,0.00,0
2026-08-16,17601,C-08269,paid_search,THANKYOU5,67.90,17.07,1
2026-08-16,17602,C-08288,email,,56.15,0.00,0
2026-08-16,17603,C-08261,paid_search,WELCOME10,70.05,25.17,0
2026-08-16,17604,C-01244,email,,70.63,0.00,0
2026-08-16,17605,C-08278,marketplace,,73.72,0.00,0
2026-08-16,17606,C-08259,paid_search,SAVE20,64.37,17.76,0
2026-08-16,17609,C-08287,email,,43.88,0.00,0
2026-08-16,17610,C-08300,organic,,40.50,0.00,0
2026-08-16,17611,C-02681,email,THANKYOU5,84.42,6.92,0
2026-08-16,17612,C-08268,paid_search,THANKYOU5,56.09,13.85,0
2026-08-16,17614,C-04767,email,,53.37,0.00,0
2026-08-16,17617,C-08283,marketplace,,46.18,0.00,0
2026-08-16,17618,C-02255,paid_search,,53.08,0.00,1
2026-08-16,17619,C-08273,paid_search,WELCOME10,53.99,21.98,0
2026-08-16,17620,C-08295,email,,65.63,0.00,0
2026-08-16,17621,C-03335,email,,59.59,0.00,0
2026-08-16,17622,C-08294,email,SAVE20,49.87,8.64,0
2026-08-16,17623,C-05604,organic,,98.87,0.00,0
2026-08-16,17624,C-03997,marketplace,SAVE20,77.43,6.27,0
2026-08-16,17625,C-08276,paid_search,SPRING15,65.76,24.32,0
2026-08-16,17627,C-04126,paid_search,,65.37,0.00,0
2026-08-16,17630,C-04830,organic,,61.55,0.00,0
2026-08-16,17631,C-03998,marketplace,,72.01,0.00,0
2026-08-16,17632,C-01933,email,WELCOME10,73.95,12.88,0
2026-08-16,17634,C-05855,organic,,98.77,0.00,0
2026-08-16,17637,C-03940,marketplace,,72.69,0.00,0
2026-08-16,17638,C-08286,marketplace,,67.00,0.00,0
2026-08-16,17640,C-08277,marketplace,THANKYOU5,55.37,11.97,0
2026-08-16,17642,C-08264,paid_search,SPRING15,56.38,23.47,1
2026-08-16,17644,C-08255,paid_search,THANKYOU5,57.61,15.70,1
2026-08-16,17645,C-08254,paid_search,SAVE20,46.90,13.00,0
2026-08-16,17647,C-03588,email,,93.70,0.00,0
2026-08-16,17648,C-08293,email,,67.35,0.00,0
2026-08-16,17650,C-03638,email,,62.34,0.00,0
2026-08-16,17651,C-08285,marketplace,THANKYOU5,49.54,6.35,0
2026-08-16,17653,C-08262,paid_search,SPRING15,43.55,16.15,0
2026-08-16,17654,C-08258,paid_search,,67.70,0.00,1
2026-08-16,17657,C-08303,organic,,57.37,0.00,0
2026-08-16,17658,C-08284,marketplace,WELCOME10,66.51,10.72,0
2026-08-16,17659,C-05956,organic,,79.87,0.00,0
2026-08-16,17660,C-08292,email,SPRING15,37.79,2.05,0
2026-08-16,17661,C-08271,paid_search,WELCOME10,71.52,22.77,1
2026-08-16,17662,C-02220,marketplace,,64.19,0.00,1
2026-08-16,17663,C-08260,paid_search,WELCOME10,44.61,14.15,0
2026-08-16,17666,C-08270,paid_search,THANKYOU5,49.25,13.09,0
2026-08-16,17669,C-03452,email,,89.44,0.00,0
2026-08-16,17670,C-08299,organic,THANKYOU5,41.44,5.46,0
2026-08-16,17672,C-08281,marketplace,SPRING15,61.36,14.77,0
2026-08-16,17673,C-08274,paid_search,SAVE20,46.64,18.60,0
2026-08-16,17674,C-03453,email,,69.85,0.00,0
2026-08-16,17675,C-04312,paid_search,,53.48,0.00,1
2026-08-16,17678,C-02857,organic,,69.09,0.00,0
2026-08-17,17679,C-08314,paid_search,SAVE20,61.60,24.02,0
2026-08-17,17680,C-08331,marketplace,,60.19,0.00,0
2026-08-17,17682,C-06934,email,WELCOME10,79.73,12.06,0
2026-08-17,17683,C-08326,paid_search,THANKYOU5,64.53,26.28,0
2026-08-17,17684,C-05978,email,,101.61,0.00,0
2026-08-17,17686,C-08346,email,SAVE20,48.37,6.33,1
2026-08-17,17689,C-03935,marketplace,,79.31,0.00,1
2026-08-17,17692,C-08327,marketplace,,56.63,0.00,0
2026-08-17,17695,C-08320,paid_search,SAVE20,52.26,15.74,0
2026-08-17,17696,C-03108,marketplace,WELCOME10,73.33,8.98,0
2026-08-17,17697,C-03571,marketplace,,62.70,0.00,0
2026-08-17,17698,C-08316,paid_search,THANKYOU5,51.94,15.51,0
2026-08-17,17701,C-02707,email,,64.87,0.00,0
2026-08-17,17703,C-08317,paid_search,WELCOME10,46.80,19.85,1
2026-08-17,17706,C-08363,organic,,54.98,0.00,0
2026-08-17,17707,C-06328,organic,SPRING15,68.51,10.77,0
2026-08-17,17708,C-08333,marketplace,SAVE20,45.25,5.50,0
2026-08-17,17709,C-05900,marketplace,,79.07,0.00,0
2026-08-17,17710,C-00346,marketplace,,67.02,0.00,0
2026-08-17,17712,C-01884,organic,,86.75,0.00,1
2026-08-17,17713,C-02380,email,,101.02,0.00,0
2026-08-17,17714,C-06149,email,THANKYOU5,51.77,4.86,0
2026-08-17,17715,C-04504,marketplace,,97.29,0.00,0
2026-08-17,17716,C-08364,organic,,38.40,0.00,0
2026-08-17,17717,C-05024,paid_search,SPRING15,45.57,7.95,0
2026-08-17,17718,C-05656,marketplace,,48.24,0.00,0
2026-08-17,17721,C-06928,email,,78.51,0.00,0
2026-08-17,17724,C-08304,paid_search,SAVE20,65.00,19.35,0
2026-08-17,17725,C-08361,organic,,47.02,0.00,0
2026-08-17,17727,C-08335,marketplace,SAVE20,53.98,7.45,0
2026-08-17,17728,C-08321,paid_search,THANKYOU5,58.42,21.92,0
2026-08-17,17729,C-02911,email,,69.28,0.00,0
2026-08-17,17730,C-05963,marketplace,SPRING15,79.84,4.75,0
2026-08-17,17731,C-08313,paid_search,SPRING15,65.41,17.23,1
2026-08-17,17732,C-08350,email,,63.48,0.00,0
2026-08-17,17735,C-08329,marketplace,SPRING15,45.51,9.52,0
2026-08-17,17736,C-05964,organic,,87.18,0.00,0
2026-08-17,17739,C-08352,email,WELCOME10,35.10,5.28,0
2026-08-17,17740,C-08319,paid_search,SPRING15,41.66,16.35,0
2026-08-17,17742,C-02282,email,,81.07,0.00,0
2026-08-17,17743,C-02685,organic,,71.15,0.00,0
2026-08-17,17745,C-06257,email,,78.85,0.00,0
2026-08-17,17747,C-04611,email,WELCOME10,40.40,7.07,0
2026-08-17,17748,C-08312,paid_search,SPRING15,71.88,18.90,0
2026-08-17,17750,C-08342,marketplace,,57.73,0.00,1
2026-08-17,17751,C-08344,email,,66.28,0.00,0
2026-08-17,17752,C-08349,email,,49.18,0.00,0
2026-08-17,17753,C-08345,email,SAVE20,57.62,6.68,0
2026-08-17,17754,C-08359,organic,,56.95,0.00,1
2026-08-17,17756,C-08332,marketplace,,42.84,0.00,0
2026-08-17,17759,C-08340,marketplace,,60.61,0.00,0
2026-08-17,17760,C-08325,paid_search,THANKYOU5,52.07,15.40,0
2026-08-17,17762,C-08310,paid_search,WELCOME10,58.51,12.89,0
2026-08-17,17763,C-08356,organic,,60.41,0.00,0
2026-08-17,17764,C-08358,organic,,59.46,0.00,0
2026-08-17,17765,C-08311,paid_search,THANKYOU5,46.84,15.99,0
2026-08-17,17768,C-08355,email,,43.56,0.00,0
2026-08-17,17770,C-02625,organic,,46.14,0.00,0
2026-08-17,17771,C-08351,email,,57.82,0.00,0
2026-08-17,17772,C-08324,paid_search,THANKYOU5,69.62,17.59,0
2026-08-17,17773,C-05797,email,,66.84,0.00,0
2026-08-17,17774,C-03839,email,,71.84,0.00,0
2026-08-17,17777,C-08309,paid_search,WELCOME10,50.46,21.23,1
2026-08-17,17778,C-05683,paid_search,,71.94,0.00,0
2026-08-17,17780,C-02473,marketplace,,72.10,0.00,0
2026-08-17,17782,C-01344,email,,53.27,0.00,0
2026-08-17,17783,C-08360,organic,WELCOME10,43.94,3.76,0
2026-08-17,17786,C-02049,marketplace,,54.27,0.00,0
2026-08-17,17788,C-08336,marketplace,,75.31,0.00,0
2026-08-17,17789,C-04702,marketplace,,65.14,0.00,0
2026-08-17,17790,C-08341,marketplace,,63.21,0.00,0
2026-08-17,17793,C-08338,marketplace,,70.47,0.00,0
2026-08-17,17796,C-08347,email,,51.06,0.00,0
2026-08-17,17797,C-03049,paid_search,,62.63,0.00,1
2026-08-17,17798,C-08328,marketplace,,65.18,0.00,0
2026-08-17,17800,C-08353,email,,64.61,0.00,0
2026-08-17,17801,C-08337,marketplace,,62.30,0.00,0
2026-08-17,17802,C-08354,email,,40.98,0.00,0
2026-08-17,17803,C-02964,email,,62.51,0.00,0
2026-08-17,17804,C-08322,paid_search,,95.92,0.00,0
2026-08-17,17807,C-08330,marketplace,,74.80,0.00,0
2026-08-17,17808,C-08323,paid_search,SAVE20,54.45,15.72,0
2026-08-17,17810,C-04816,marketplace,,84.82,0.00,0
2026-08-17,17811,C-08308,paid_search,WELCOME10,56.10,21.55,0
2026-08-17,17812,C-08362,organic,,67.55,0.00,0
2026-08-17,17813,C-08307,paid_search,SPRING15,65.93,16.26,1
2026-08-17,17814,C-00415,email,,68.69,0.00,0
2026-08-17,17815,C-08318,paid_search,WELCOME10,61.23,13.53,1
2026-08-17,17818,C-08348,email,,43.34,0.00,0
2026-08-17,17819,C-03669,paid_search,,63.80,0.00,0
2026-08-17,17820,C-01709,email,,72.59,0.00,0
2026-08-17,17821,C-08305,paid_search,SPRING15,47.56,12.49,1
2026-08-17,17824,C-08339,marketplace,WELCOME10,43.84,5.05,0
2026-08-17,17827,C-08357,organic,,43.42,0.00,0
2026-08-17,17830,C-08306,paid_search,SAVE20,62.88,23.55,0
2026-08-17,17831,C-08334,marketplace,,42.54,0.00,0
2026-08-17,17832,C-08315,paid_search,THANKYOU5,67.24,23.59,0
2026-08-17,17833,C-08343,marketplace,,45.58,0.00,0
2026-08-18,17834,C-08372,paid_search,SPRING15,50.28,12.95,0
2026-08-18,17835,C-08414,email,SAVE20,34.35,5.76,1
2026-08-18,17838,C-08404,marketplace,,41.76,0.00,0
2026-08-18,17840,C-08391,marketplace,,61.61,0.00,0
2026-08-18,17843,C-08409,email,,72.38,0.00,0
2026-08-18,17846,C-08399,marketplace,,77.20,0.00,0
2026-08-18,17848,C-08377,paid_search,,87.11,0.00,1
2026-08-18,17849,C-08421,email,,71.72,0.00,0
2026-08-18,17850,C-04061,organic,,57.58,0.00,1
2026-08-18,17851,C-08366,paid_search,THANKYOU5,54.86,18.41,0
2026-08-18,17854,C-06475,paid_search,THANKYOU5,58.63,9.90,0
2026-08-18,17855,C-08427,organic,,52.75,0.00,0
2026-08-18,17856,C-08431,organic,SPRING15,59.10,8.90,0
2026-08-18,17859,C-08425,email,SAVE20,59.25,8.23,0
2026-08-18,17862,C-03744,organic,,57.32,0.00,0
2026-08-18,17863,C-08390,marketplace,,68.41,0.00,0
2026-08-18,17864,C-06453,email,,79.46,0.00,0
2026-08-18,17865,C-08433,organic,,76.57,0.00,0
2026-08-18,17866,C-08374,paid_search,WELCOME10,66.46,26.30,0
2026-08-18,17869,C-08434,organic,,59.54,0.00,0
2026-08-18,17872,C-08410,email,,70.65,0.00,0
2026-08-18,17873,C-05043,email,,84.65,0.00,0
2026-08-18,17874,C-08416,email,,68.22,0.00,0
2026-08-18,17875,C-08376,paid_search,SAVE20,56.79,16.64,1
2026-08-18,17877,C-08369,paid_search,SAVE20,43.53,13.34,0
2026-08-18,17878,C-03214,marketplace,SAVE20,63.31,9.10,0
2026-08-18,17879,C-08367,paid_search,SPRING15,73.62,18.62,0
2026-08-18,17880,C-02924,organic,,53.81,0.00,0
2026-08-18,17882,C-06334,organic,,47.41,0.00,0
2026-08-18,17885,C-02697,paid_search,SPRING15,62.08,6.91,0
2026-08-18,17887,C-04398,email,,61.13,0.00,0
2026-08-18,17889,C-06345,paid_search,,59.08,0.00,0
2026-08-18,17890,C-08368,paid_search,SPRING15,61.10,13.71,1
2026-08-18,17891,C-08381,paid_search,WELCOME10,73.76,21.32,1
2026-08-18,17894,C-08435,organic,,75.42,0.00,0
2026-08-18,17895,C-08388,marketplace,,54.25,0.00,0
2026-08-18,17896,C-06776,paid_search,,61.28,0.00,0
2026-08-18,17897,C-08412,email,,64.00,0.00,0
2026-08-18,17898,C-08408,email,,53.47,0.00,0
2026-08-18,17899,C-08393,marketplace,,48.77,0.00,0
2026-08-18,17902,C-08403,marketplace,SAVE20,58.00,7.50,1
2026-08-18,17903,C-08430,organic,SAVE20,51.73,5.95,0
2026-08-18,17904,C-04713,marketplace,,95.83,0.00,0
2026-08-18,17905,C-08429,organic,SPRING15,58.55,7.51,0
2026-08-18,17906,C-06735,email,WELCOME10,70.06,6.64,0
2026-08-18,17907,C-08420,email,,68.45,0.00,0
2026-08-18,17908,C-08401,marketplace,,46.15,0.00,0
2026-08-18,17909,C-08373,paid_search,THANKYOU5,71.69,22.29,0
2026-08-18,17910,C-05200,email,,84.76,0.00,0
2026-08-18,17913,C-00830,paid_search,,61.41,0.00,0
2026-08-18,17915,C-08423,email,,56.49,0.00,0
2026-08-18,17917,C-08378,paid_search,THANKYOU5,50.68,20.28,0
2026-08-18,17919,C-06882,organic,,73.48,0.00,0
2026-08-18,17920,C-08402,marketplace,,79.70,0.00,0
2026-08-18,17921,C-05918,email,,80.63,0.00,0
2026-08-18,17922,C-08422,email,SAVE20,49.03,3.94,0
2026-08-18,17923,C-08398,marketplace,WELCOME10,64.20,10.14,0
2026-08-18,17924,C-04829,email,,66.73,0.00,0
2026-08-18,17925,C-06265,email,,50.94,0.00,0
2026-08-18,17927,C-08411,email,THANKYOU5,61.36,9.86,0
2026-08-18,17928,C-08379,paid_search,SAVE20,53.43,20.81,0
2026-08-18,17929,C-05802,email,,51.91,0.00,1
2026-08-18,17930,C-08432,organic,,54.63,0.00,0
2026-08-18,17931,C-03279,email,,76.86,0.00,0
2026-08-18,17934,C-08387,paid_search,THANKYOU5,41.12,17.23,0
2026-08-18,17935,C-08386,paid_search,SAVE20,60.98,20.96,0
2026-08-18,17936,C-08406,marketplace,,77.69,0.00,0
2026-08-18,17937,C-08389,marketplace,,45.66,0.00,0
2026-08-18,17939,C-04777,email,,83.51,0.00,0
2026-08-18,17940,C-02374,marketplace,,70.24,0.00,0
2026-08-18,17941,C-08380,paid_search,SPRING15,64.91,20.25,0
2026-08-18,17942,C-07447,email,,95.32,0.00,1
2026-08-18,17945,C-08397,marketplace,,54.33,0.00,0
2026-08-18,17946,C-01520,email,,79.54,0.00,1
2026-08-18,17948,C-08385,paid_search,SPRING15,46.56,13.33,1
2026-08-18,17949,C-08413,email,THANKYOU5,60.96,9.39,0
2026-08-18,17950,C-08370,paid_search,SPRING15,60.17,19.89,0
2026-08-18,17951,C-08428,organic,,42.02,0.00,1
2026-08-18,17952,C-04337,email,,65.28,0.00,0
2026-08-18,17953,C-08417,email,,50.35,0.00,0
2026-08-18,17956,C-08400,marketplace,,81.05,0.00,0
2026-08-18,17957,C-08384,paid_search,SPRING15,50.78,13.30,0
2026-08-18,17958,C-08407,marketplace,,72.35,0.00,0
2026-08-18,17959,C-02840,marketplace,,70.21,0.00,0
2026-08-18,17960,C-06662,marketplace,,65.09,0.00,0
2026-08-18,17961,C-08394,marketplace,SAVE20,37.54,7.12,0
2026-08-18,17963,C-08383,paid_search,THANKYOU5,71.85,20.99,1
2026-08-18,17964,C-04779,email,SAVE20,49.01,5.08,0
2026-08-18,17967,C-08395,marketplace,SAVE20,37.36,8.15,0
2026-08-18,17970,C-05450,paid_search,,46.38,0.00,1
2026-08-18,17971,C-06396,organic,,68.68,0.00,0
2026-08-18,17972,C-08424,email,SAVE20,36.31,3.11,0
2026-08-18,17973,C-04217,paid_search,,46.12,0.00,1
2026-08-18,17975,C-03134,organic,,60.78,0.00,0
2026-08-18,17976,C-05333,paid_search,THANKYOU5,45.68,7.90,0
2026-08-18,17977,C-08371,paid_search,WELCOME10,51.64,15.57,0
2026-08-18,17978,C-03498,email,WELCOME10,88.20,6.70,0
2026-08-18,17980,C-08419,email,SPRING15,43.81,6.88,0
2026-08-18,17981,C-03751,organic,,66.79,0.00,0
2026-08-18,17982,C-08396,marketplace,,41.38,0.00,1
2026-08-18,17983,C-07201,marketplace,,74.67,0.00,0
2026-08-18,17986,C-08365,paid_search,THANKYOU5,60.50,21.04,0
2026-08-18,17987,C-08418,email,,52.72,0.00,0
2026-08-18,17988,C-08426,organic,SPRING15,34.63,2.10,0
2026-08-18,17989,C-08405,marketplace,SPRING15,39.56,6.59,0
2026-08-18,17990,C-08415,email,,44.17,0.00,0
2026-08-18,17991,C-08375,paid_search,WELCOME10,67.37,18.02,0
2026-08-18,17992,C-08382,paid_search,,61.30,0.00,1
2026-08-18,17993,C-08392,marketplace,,47.78,0.00,0
2026-08-19,17994,C-06040,email,,98.81,0.00,0
2026-08-19,17995,C-06743,email,,101.05,0.00,0
2026-08-19,17996,C-08451,paid_search,SAVE20,65.06,25.78,1
2026-08-19,17997,C-05598,email,SPRING15,73.77,12.80,1
2026-08-19,17999,C-08481,marketplace,SAVE20,47.89,9.83,0
2026-08-19,18000,C-08470,marketplace,,45.79,0.00,0
2026-08-19,18001,C-08491,email,,43.17,0.00,0
2026-08-19,18003,C-06301,marketplace,,59.63,0.00,0
2026-08-19,18005,C-06809,email,,67.11,0.00,0
2026-08-19,18006,C-05703,email,,50.32,0.00,0
2026-08-19,18007,C-08466,marketplace,,67.12,0.00,0
2026-08-19,18008,C-08489,email,,70.11,0.00,0
2026-08-19,18009,C-08463,paid_search,SAVE20,67.17,26.83,0
2026-08-19,18010,C-08452,paid_search,,60.54,0.00,0
2026-08-19,18012,C-08494,email,,72.09,0.00,0
2026-08-19,18014,C-02519,email,,54.96,0.00,0
2026-08-19,18017,C-08490,email,,47.32,0.00,0
2026-08-19,18018,C-01432,email,,106.54,0.00,0
2026-08-19,18019,C-06028,email,SPRING15,57.32,4.07,0
2026-08-19,18021,C-00961,email,,53.75,0.00,0
2026-08-19,18024,C-05260,email,,67.85,0.00,0
2026-08-19,18025,C-08443,paid_search,SPRING15,72.04,16.22,0
2026-08-19,18026,C-08449,paid_search,WELCOME10,62.51,16.21,1
2026-08-19,18027,C-01058,marketplace,,60.62,0.00,0
2026-08-19,18028,C-08460,paid_search,SPRING15,62.12,20.76,0
2026-08-19,18030,C-08475,marketplace,,50.81,0.00,0
2026-08-19,18031,C-08478,marketplace,WELCOME10,47.77,11.44,0
2026-08-19,18032,C-00778,email,,53.83,0.00,0
2026-08-19,18033,C-00440,marketplace,,57.49,0.00,0
2026-08-19,18034,C-04657,organic,,82.70,0.00,0
2026-08-19,18035,C-03753,email,,97.18,0.00,0
2026-08-19,18037,C-04984,marketplace,,82.82,0.00,0
2026-08-19,18038,C-08473,marketplace,,70.68,0.00,0
2026-08-19,18039,C-08441,paid_search,THANKYOU5,61.67,19.86,1
2026-08-19,18042,C-08464,marketplace,,69.28,0.00,0
2026-08-19,18045,C-06819,paid_search,,61.89,0.00,0
2026-08-19,18046,C-08507,organic,,64.98,0.00,0
2026-08-19,18049,C-02524,email,,48.57,0.00,0
2026-08-19,18050,C-04573,organic,,57.38,0.00,0
2026-08-19,18051,C-03077,email,WELCOME10,46.31,7.08,0
2026-08-19,18052,C-06154,organic,,63.26,0.00,0
2026-08-19,18055,C-05979,email,,65.07,0.00,0
2026-08-19,18056,C-08438,paid_search,SPRING15,49.14,17.11,1
2026-08-19,18057,C-08440,paid_search,SPRING15,44.29,17.59,0
2026-08-19,18058,C-08436,paid_search,SPRING15,41.47,17.52,0
2026-08-19,18059,C-08493,email,,40.51,0.00,0
2026-08-19,18060,C-08474,marketplace,WELCOME10,39.15,4.44,0
2026-08-19,18062,C-08496,email,,42.29,0.00,0
2026-08-19,18063,C-08482,marketplace,,51.12,0.00,0
2026-08-19,18064,C-01131,organic,,66.44,0.00,0
2026-08-19,18065,C-08450,paid_search,SAVE20,68.97,22.01,1
2026-08-19,18068,C-08506,organic,,66.94,0.00,0
2026-08-19,18069,C-01745,email,,52.67,0.00,0
2026-08-19,18070,C-08437,paid_search,THANKYOU5,65.27,18.44,1
2026-08-19,18071,C-02276,marketplace,,67.61,0.00,0
2026-08-19,18072,C-08465,marketplace,,78.94,0.00,0
2026-08-19,18073,C-08453,paid_search,SAVE20,56.40,17.86,1
2026-08-19,18076,C-08495,email,,41.21,0.00,0
2026-08-19,18078,C-06596,paid_search,,58.49,0.00,0
2026-08-19,18080,C-08505,organic,,44.65,0.00,0
2026-08-19,18081,C-08484,email,,66.00,0.00,0
2026-08-19,18084,C-08456,paid_search,THANKYOU5,50.18,13.95,0
2026-08-19,18085,C-05887,paid_search,,58.29,0.00,1
2026-08-19,18086,C-08447,paid_search,,61.52,0.00,0
2026-08-19,18087,C-03939,organic,,77.85,0.00,0
2026-08-19,18088,C-08487,email,,61.52,0.00,0
2026-08-19,18089,C-08467,marketplace,SAVE20,69.31,10.63,0
2026-08-19,18090,C-08471,marketplace,,69.75,0.00,0
2026-08-19,18091,C-02258,paid_search,,39.60,0.00,1
2026-08-19,18092,C-08455,paid_search,SPRING15,55.40,15.29,0
2026-08-19,18093,C-08477,marketplace,,51.14,0.00,0
2026-08-19,18094,C-08468,marketplace,,56.59,0.00,0
2026-08-19,18095,C-00209,email,THANKYOU5,79.24,6.23,0
2026-08-19,18096,C-08479,marketplace,WELCOME10,51.69,7.21,0
2026-08-19,18098,C-04563,email,,70.31,0.00,0
2026-08-19,18101,C-05853,email,SAVE20,65.48,5.42,0
2026-08-19,18102,C-02054,email,,92.19,0.00,0
2026-08-19,18104,C-02377,marketplace,,68.73,0.00,0
2026-08-19,18105,C-05915,email,,82.14,0.00,0
2026-08-19,18107,C-08454,paid_search,WELCOME10,51.11,16.48,0
2026-08-19,18108,C-08459,paid_search,SPRING15,54.96,20.16,1
2026-08-19,18111,C-06920,marketplace,,80.03,0.00,0
2026-08-19,18112,C-08500,email,,50.66,0.00,0
2026-08-19,18114,C-08503,organic,SPRING15,45.73,3.07,0
2026-08-19,18117,C-08486,email,,40.60,0.00,0
2026-08-19,18118,C-00045,email,,79.43,0.00,0
2026-08-19,18120,C-08498,email,,39.70,0.00,0
2026-08-19,18121,C-06091,marketplace,,60.94,0.00,0
2026-08-19,18122,C-08442,paid_search,,65.06,0.00,0
2026-08-19,18125,C-05847,email,,84.99,0.00,0
2026-08-19,18126,C-08448,paid_search,SPRING15,46.99,12.39,0
2026-08-19,18127,C-02674,organic,,68.84,0.00,0
2026-08-19,18129,C-08488,email,SPRING15,58.59,7.28,0
2026-08-19,18131,C-03586,organic,,54.73,0.00,0
2026-08-19,18132,C-08444,paid_search,WELCOME10,62.68,23.90,0
2026-08-19,18133,C-08492,email,,39.79,0.00,0
2026-08-19,18134,C-08502,organic,,72.42,0.00,0
2026-08-19,18135,C-08497,email,,70.82,0.00,0
2026-08-19,18136,C-08439,paid_search,SPRING15,40.87,15.70,0
2026-08-19,18137,C-08504,organic,,68.07,0.00,0
2026-08-19,18138,C-03325,organic,,46.48,0.00,0
2026-08-19,18139,C-08499,email,,60.40,0.00,1
2026-08-19,18140,C-00164,email,,58.02,0.00,0
2026-08-19,18142,C-08483,email,,59.98,0.00,0
2026-08-19,18144,C-00128,marketplace,,63.35,0.00,0
2026-08-19,18145,C-08457,paid_search,WELCOME10,68.64,22.45,0
2026-08-19,18147,C-07064,marketplace,SPRING15,72.06,12.24,0
2026-08-19,18148,C-04899,organic,,70.78,0.00,0
2026-08-19,18149,C-08458,paid_search,,76.58,0.00,0
2026-08-19,18150,C-08472,marketplace,,67.91,0.00,0
2026-08-19,18151,C-08461,paid_search,SAVE20,43.92,17.65,0
2026-08-19,18152,C-00323,organic,,73.78,0.00,0
2026-08-19,18153,C-08445,paid_search,SAVE20,60.30,16.32,0
2026-08-19,18154,C-08469,marketplace,THANKYOU5,41.61,8.18,0
2026-08-19,18155,C-08501,organic,SAVE20,69.97,4.50,0
2026-08-19,18156,C-08446,paid_search,WELCOME10,72.57,22.40,0
2026-08-19,18157,C-08485,email,SAVE20,63.47,8.79,0
2026-08-19,18158,C-08480,marketplace,,74.17,0.00,0
2026-08-19,18159,C-08476,marketplace,,79.45,0.00,0
2026-08-19,18160,C-08462,paid_search,THANKYOU5,60.59,19.78,0
2026-08-20,18163,C-00359,email,,65.87,0.00,0
2026-08-20,18165,C-08522,paid_search,WELCOME10,64.36,23.20,0
2026-08-20,18168,C-08563,email,,45.10,0.00,0
2026-08-20,18169,C-06153,organic,,95.24,0.00,0
2026-08-20,18172,C-07815,email,SPRING15,73.57,4.03,0
2026-08-20,18175,C-04451,email,WELCOME10,65.11,7.79,0
2026-08-20,18177,C-01431,email,,102.00,0.00,0
2026-08-20,18178,C-03750,organic,WELCOME10,54.43,9.17,0
2026-08-20,18179,C-08551,email,,49.61,0.00,0
2026-08-20,18181,C-03541,email,SAVE20,77.75,4.22,0
2026-08-20,18182,C-03460,email,,77.26,0.00,0
2026-08-20,18183,C-01066,paid_search,,62.49,0.00,1
2026-08-20,18184,C-08539,marketplace,WELCOME10,42.40,5.55,0
2026-08-20,18185,C-08527,paid_search,SAVE20,48.57,18.53,0
2026-08-20,18188,C-02387,email,,68.89,0.00,0
2026-08-20,18189,C-08550,email,,61.09,0.00,0
2026-08-20,18190,C-08518,paid_search,WELCOME10,45.38,17.77,0
2026-08-20,18193,C-08519,paid_search,SAVE20,61.74,17.00,0
2026-08-20,18194,C-08536,marketplace,,77.18,0.00,0
2026-08-20,18197,C-05378,email,,51.31,0.00,0
2026-08-20,18198,C-03758,email,,67.26,0.00,0
2026-08-20,18200,C-08546,marketplace,,51.37,0.00,0
2026-08-20,18201,C-08514,paid_search,SAVE20,70.77,15.61,0
2026-08-20,18202,C-08509,paid_search,,92.52,0.00,0
2026-08-20,18203,C-07653,organic,,50.98,0.00,0
2026-08-20,18204,C-08541,marketplace,THANKYOU5,47.24,5.51,0
2026-08-20,18205,C-06562,paid_search,,72.05,0.00,1
2026-08-20,18208,C-08545,marketplace,,75.75,0.00,0
2026-08-20,18211,C-08524,paid_search,SPRING15,71.28,19.35,1
2026-08-20,18212,C-08566,email,,40.94,0.00,0
2026-08-20,18213,C-06869,email,,93.47,0.00,0
2026-08-20,18214,C-08533,marketplace,,63.49,0.00,0
2026-08-20,18215,C-08559,email,,70.54,0.00,0
2026-08-20,18218,C-05046,organic,THANKYOU5,45.82,5.66,0
2026-08-20,18219,C-08560,email,,40.46,0.00,0
2026-08-20,18221,C-03853,email,,90.40,0.00,0
2026-08-20,18224,C-08537,marketplace,,52.60,0.00,0
2026-08-20,18226,C-08543,marketplace,,54.76,0.00,0
2026-08-20,18229,C-08534,marketplace,THANKYOU5,60.81,8.78,0
2026-08-20,18230,C-05199,email,WELCOME10,60.13,5.63,0
2026-08-20,18231,C-08544,marketplace,,47.62,0.00,1
2026-08-20,18232,C-04459,email,,50.24,0.00,0
2026-08-20,18233,C-08574,organic,,72.56,0.00,0
2026-08-20,18236,C-08556,email,,54.92,0.00,0
2026-08-20,18239,C-04173,marketplace,,57.03,0.00,0
2026-08-20,18240,C-08526,paid_search,SPRING15,50.41,18.10,0
2026-08-20,18243,C-08552,email,,64.28,0.00,0
2026-08-20,18246,C-03961,email,,75.52,0.00,0
2026-08-20,18247,C-08576,organic,,60.48,0.00,0
2026-08-20,18249,C-08511,paid_search,SPRING15,55.16,17.84,0
2026-08-20,18250,C-08538,marketplace,SAVE20,57.57,12.86,0
2026-08-20,18251,C-08530,paid_search,,86.59,0.00,1
2026-08-20,18252,C-05586,email,,71.89,0.00,0
2026-08-20,18253,C-02091,marketplace,,50.15,0.00,1
2026-08-20,18255,C-08547,marketplace,,52.42,0.00,1
2026-08-20,18256,C-07696,email,SAVE20,76.17,8.75,0
2026-08-20,18257,C-08525,paid_search,WELCOME10,62.71,26.66,0
2026-08-20,18258,C-08573,organic,SPRING15,49.43,6.35,0
2026-08-20,18259,C-03938,marketplace,,87.05,0.00,0
2026-08-20,18260,C-06654,marketplace,,63.24,0.00,0
2026-08-20,18261,C-08571,organic,,48.46,0.00,0
2026-08-20,18262,C-08532,paid_search,WELCOME10,53.47,19.84,0
2026-08-20,18264,C-05921,organic,SAVE20,65.47,4.01,0
2026-08-20,18266,C-05910,organic,,68.45,0.00,0
2026-08-20,18268,C-03417,paid_search,SPRING15,50.14,5.39,1
2026-08-20,18271,C-03007,marketplace,,67.01,0.00,0
2026-08-20,18272,C-08529,paid_search,WELCOME10,64.12,26.56,0
2026-08-20,18273,C-03580,marketplace,,65.69,0.00,1
2026-08-20,18274,C-08577,organic,,56.68,0.00,0
2026-08-20,18276,C-08561,email,,55.53,0.00,0
2026-08-20,18278,C-02923,organic,SAVE20,43.19,5.67,0
2026-08-20,18279,C-01248,organic,,77.85,0.00,0
2026-08-20,18281,C-06207,paid_search,,74.22,0.00,0
2026-08-20,18282,C-08535,marketplace,THANKYOU5,63.01,13.26,0
2026-08-20,18283,C-08513,paid_search,SAVE20,52.23,12.17,0
2026-08-20,18286,C-08515,paid_search,,80.78,0.00,0
2026-08-20,18287,C-05045,email,,76.91,0.00,0
2026-08-20,18288,C-08512,paid_search,,94.45,0.00,1
2026-08-20,18289,C-08517,paid_search,SAVE20,51.11,16.44,0
2026-08-20,18290,C-08508,paid_search,,59.71,0.00,0
2026-08-20,18291,C-01518,organic,,81.12,0.00,0
2026-08-20,18292,C-08549,email,SAVE20,46.85,2.50,0
2026-08-20,18295,C-08578,organic,,59.04,0.00,1
2026-08-20,18298,C-08568,organic,,64.57,0.00,1
2026-08-20,18300,C-08562,email,,67.61,0.00,0
2026-08-20,18301,C-08558,email,,67.11,0.00,0
2026-08-20,18302,C-08554,email,WELCOME10,63.18,4.37,0
2026-08-20,18304,C-08521,paid_search,SAVE20,65.12,18.43,0
2026-08-20,18305,C-06859,marketplace,,70.89,0.00,0
2026-08-20,18307,C-00525,organic,WELCOME10,92.31,5.25,0
2026-08-20,18308,C-08570,organic,,62.12,0.00,0
2026-08-20,18309,C-08548,marketplace,,64.01,0.00,0
2026-08-20,18310,C-08557,email,SPRING15,43.91,4.58,0
2026-08-20,18311,C-00633,email,,73.11,0.00,0
2026-08-20,18313,C-08516,paid_search,,72.97,0.00,1
2026-08-20,18314,C-07820,email,THANKYOU5,68.92,10.99,0
2026-08-20,18315,C-08523,paid_search,WELCOME10,60.62,21.54,1
2026-08-20,18316,C-07037,organic,,84.70,0.00,0
2026-08-20,18317,C-01611,email,,101.71,0.00,0
2026-08-20,18318,C-06142,marketplace,,69.11,0.00,0
2026-08-20,18319,C-08540,marketplace,,43.15,0.00,0
2026-08-20,18322,C-08569,organic,SAVE20,48.69,4.23,0
2026-08-20,18323,C-08531,paid_search,THANKYOU5,43.86,13.08,0
2026-08-20,18325,C-08510,paid_search,WELCOME10,65.23,15.02,0
2026-08-20,18328,C-08567,email,,39.47,0.00,0
2026-08-20,18329,C-08528,paid_search,WELCOME10,44.18,15.74,1
2026-08-20,18331,C-01357,paid_search,,58.85,0.00,0
2026-08-20,18332,C-04551,marketplace,SAVE20,62.09,6.15,0
2026-08-20,18335,C-08575,organic,WELCOME10,61.54,6.56,0
2026-08-20,18338,C-06707,organic,,38.15,0.00,0
2026-08-20,18339,C-05272,email,,102.85,0.00,0
2026-08-20,18340,C-08553,email,,39.00,0.00,1
2026-08-20,18342,C-08564,email,THANKYOU5,62.29,4.51,0
2026-08-20,18343,C-03631,organic,,70.88,0.00,0
2026-08-20,18344,C-08520,paid_search,WELCOME10,47.25,10.64,0
2026-08-20,18345,C-08542,marketplace,,67.93,0.00,0
2026-08-20,18348,C-06305,marketplace,WELCOME10,65.09,11.41,0
2026-08-20,18351,C-08572,organic,,46.69,0.00,0
2026-08-20,18352,C-08555,email,WELCOME10,44.04,2.74,0
2026-08-20,18353,C-06002,paid_search,SPRING15,37.22,5.44,0
2026-08-20,18355,C-08565,email,,61.34,0.00,0
2026-08-20,18358,C-03633,marketplace,,58.52,0.00,0
2026-08-20,18359,C-04367,paid_search,,50.76,0.00,1
2026-08-21,18362,C-03699,email,,82.28,0.00,0
2026-08-21,18363,C-08625,email,,47.06,0.00,0
2026-08-21,18365,C-07086,email,,70.63,0.00,0
2026-08-21,18366,C-01945,email,,93.50,0.00,0
2026-08-21,18367,C-05346,paid_search,,73.60,0.00,0
2026-08-21,18369,C-05739,marketplace,,92.81,0.00,0
2026-08-21,18370,C-08627,email,SPRING15,49.40,6.08,0
2026-08-21,18371,C-04507,email,,82.22,0.00,0
2026-08-21,18372,C-03616,paid_search,,56.52,0.00,1
2026-08-21,18375,C-08604,marketplace,,53.35,0.00,0
2026-08-21,18376,C-03981,paid_search,,70.43,0.00,0
2026-08-21,18377,C-08605,marketplace,,55.28,0.00,0
2026-08-21,18378,C-08620,email,,54.82,0.00,0
2026-08-21,18379,C-06466,organic,,43.28,0.00,0
2026-08-21,18381,C-08595,paid_search,WELCOME10,50.44,16.34,0
2026-08-21,18383,C-08619,email,,61.86,0.00,0
2026-08-21,18384,C-04754,marketplace,,57.17,0.00,0
2026-08-21,18386,C-08590,paid_search,SPRING15,64.47,26.03,1
2026-08-21,18387,C-08591,paid_search,WELCOME10,53.27,16.76,0
2026-08-21,18388,C-06018,organic,,48.99,0.00,0
2026-08-21,18389,C-08580,paid_search,,64.79,0.00,1
2026-08-21,18390,C-08598,paid_search,WELCOME10,67.32,16.72,0
2026-08-21,18392,C-08586,paid_search,WELCOME10,68.62,15.74,0
2026-08-21,18393,C-08581,paid_search,THANKYOU5,73.90,17.18,0
2026-08-21,18394,C-08592,paid_search,,58.39,0.00,0
2026-08-21,18395,C-04069,email,THANKYOU5,66.41,7.00,0
2026-08-21,18397,C-08589,paid_search,SPRING15,59.74,13.73,0
2026-08-21,18400,C-08610,marketplace,SPRING15,50.80,11.99,0
2026-08-21,18401,C-08624,email,SAVE20,40.00,4.98,1
2026-08-21,18402,C-07342,marketplace,,80.54,0.00,0
2026-08-21,18403,C-05035,email,,48.58,0.00,0
2026-08-21,18404,C-08603,marketplace,,55.77,0.00,0
2026-08-21,18407,C-08621,email,,67.13,0.00,0
2026-08-21,18408,C-08626,email,SAVE20,41.70,2.96,0
2026-08-21,18409,C-05644,marketplace,,76.04,0.00,0
2026-08-21,18410,C-04763,paid_search,,73.72,0.00,1
2026-08-21,18412,C-08609,marketplace,SPRING15,48.81,11.20,0
2026-08-21,18413,C-03184,paid_search,,61.08,0.00,0
2026-08-21,18414,C-08611,marketplace,SPRING15,52.94,8.74,0
2026-08-21,18415,C-08601,paid_search,SPRING15,43.26,14.49,0
2026-08-21,18418,C-08616,marketplace,,57.22,0.00,0
2026-08-21,18419,C-02656,marketplace,,54.13,0.00,0
2026-08-21,18420,C-08596,paid_search,SAVE20,56.47,17.15,0
2026-08-21,18422,C-04846,paid_search,,77.41,0.00,1
2026-08-21,18423,C-08615,marketplace,,77.88,0.00,0
2026-08-21,18425,C-02572,paid_search,,67.94,0.00,0
2026-08-21,18427,C-08614,marketplace,WELCOME10,55.04,7.96,0
2026-08-21,18428,C-08585,paid_search,,60.48,0.00,1
2026-08-21,18429,C-08607,marketplace,,44.08,0.00,1
2026-08-21,18432,C-08633,organic,,72.86,0.00,0
2026-08-21,18434,C-06220,paid_search,,57.18,0.00,1
2026-08-21,18435,C-08600,paid_search,SPRING15,67.50,15.68,1
2026-08-21,18436,C-01564,email,,49.86,0.00,0
2026-08-21,18439,C-08602,marketplace,SAVE20,46.98,9.79,0
2026-08-21,18440,C-08623,email,,45.38,0.00,0
2026-08-21,18441,C-08632,organic,,60.57,0.00,0
2026-08-21,18442,C-03807,email,,70.95,0.00,0
2026-08-21,18444,C-08628,email,,38.44,0.00,0
2026-08-21,18445,C-08617,email,THANKYOU5,39.68,6.63,0
2026-08-21,18447,C-08599,paid_search,THANKYOU5,55.33,21.23,0
2026-08-21,18450,C-08582,paid_search,SPRING15,67.66,23.98,1
2026-08-21,18451,C-08622,email,SAVE20,33.29,4.84,0
2026-08-21,18452,C-08636,organic,,75.70,0.00,0
2026-08-21,18454,C-08631,organic,,73.74,0.00,0
2026-08-21,18456,C-04977,paid_search,,50.67,0.00,1
2026-08-21,18457,C-08630,organic,,66.46,0.00,0
2026-08-21,18458,C-08618,email,WELCOME10,58.59,7.32,0
2026-08-21,18459,C-08612,marketplace,,70.22,0.00,0
2026-08-21,18462,C-08594,paid_search,THANKYOU5,61.58,20.73,1
2026-08-21,18464,C-08629,email,,73.19,0.00,0
2026-08-21,18466,C-08584,paid_search,SAVE20,47.58,12.66,0
2026-08-21,18467,C-02891,email,,48.75,0.00,0
2026-08-21,18469,C-08635,organic,,46.73,0.00,0
2026-08-21,18470,C-03845,marketplace,,80.39,0.00,0
2026-08-21,18471,C-04505,email,,62.57,0.00,0
2026-08-21,18472,C-08608,marketplace,,67.55,0.00,1
2026-08-21,18473,C-08579,paid_search,SPRING15,64.05,26.98,0
2026-08-21,18474,C-08634,organic,SPRING15,45.19,3.68,0
2026-08-21,18475,C-08588,paid_search,SAVE20,73.57,20.33,0
2026-08-21,18476,C-08593,paid_search,THANKYOU5,44.09,12.45,0
2026-08-21,18477,C-08613,marketplace,THANKYOU5,51.95,6.88,0
2026-08-21,18480,C-08606,marketplace,WELCOME10,42.11,5.60,0
2026-08-21,18482,C-08583,paid_search,THANKYOU5,57.08,17.78,0
2026-08-21,18483,C-03913,paid_search,,75.43,0.00,0
2026-08-21,18484,C-07934,organic,,47.21,0.00,1
2026-08-21,18486,C-00817,email,SAVE20,63.36,10.61,0
2026-08-21,18489,C-08597,paid_search,SAVE20,41.46,14.94,0
2026-08-21,18491,C-08587,paid_search,THANKYOU5,47.28,17.09,0
2026-08-22,18492,C-08653,paid_search,,78.84,0.00,0
2026-08-22,18494,C-05908,marketplace,,79.82,0.00,0
2026-08-22,18495,C-06377,organic,WELCOME10,68.57,4.80,0
2026-08-22,18497,C-08686,organic,THANKYOU5,45.82,2.86,0
2026-08-22,18498,C-08675,email,,39.72,0.00,0
2026-08-22,18500,C-03593,email,,87.98,0.00,0
2026-08-22,18501,C-08644,paid_search,WELCOME10,48.28,14.05,1
2026-08-22,18502,C-03357,paid_search,,63.87,0.00,0
2026-08-22,18503,C-03127,email,,74.98,0.00,0
2026-08-22,18504,C-08665,marketplace,,59.71,0.00,0
2026-08-22,18505,C-04567,paid_search,THANKYOU5,69.90,7.10,0
2026-08-22,18506,C-08673,email,,56.39,0.00,0
2026-08-22,18507,C-04612,email,THANKYOU5,53.01,5.42,0
2026-08-22,18508,C-03697,email,,95.97,0.00,0
2026-08-22,18509,C-08670,email,,40.00,0.00,0
2026-08-22,18510,C-08658,marketplace,,76.28,0.00,0
2026-08-22,18511,C-02284,email,,49.57,0.00,0
2026-08-22,18512,C-01623,organic,,88.08,0.00,0
2026-08-22,18513,C-08683,organic,,63.40,0.00,0
2026-08-22,18514,C-08659,marketplace,SPRING15,60.41,11.52,1
2026-08-22,18515,C-08685,organic,,49.16,0.00,0
2026-08-22,18516,C-01984,marketplace,,53.59,0.00,0
2026-08-22,18517,C-05893,marketplace,,66.53,0.00,0
2026-08-22,18518,C-03281,paid_search,,97.98,0.00,0
2026-08-22,18519,C-08638,paid_search,SAVE20,66.59,18.10,0
2026-08-22,18521,C-08668,marketplace,SPRING15,50.06,6.48,0
2026-08-22,18522,C-08688,organic,,64.61,0.00,0
2026-08-22,18523,C-08660,marketplace,,44.40,0.00,0
2026-08-22,18524,C-08666,marketplace,,56.26,0.00,0
2026-08-22,18525,C-00741,email,THANKYOU5,54.26,9.29,0
2026-08-22,18526,C-08648,paid_search,WELCOME10,67.59,24.09,0
2026-08-22,18529,C-08654,paid_search,SAVE20,52.41,19.05,0
2026-08-22,18532,C-08657,marketplace,SAVE20,54.44,12.85,0
2026-08-22,18535,C-08662,marketplace,,55.96,0.00,0
2026-08-22,18536,C-02092,marketplace,SAVE20,54.52,5.34,0
2026-08-22,18537,C-03504,email,,60.63,0.00,0
2026-08-22,18539,C-08647,paid_search,,89.73,0.00,0
2026-08-22,18540,C-08639,paid_search,SAVE20,73.88,21.39,0
2026-08-22,18543,C-08656,paid_search,THANKYOU5,58.10,14.83,1
2026-08-22,18545,C-04187,email,,89.77,0.00,0
2026-08-22,18548,C-01340,email,,70.80,0.00,0
2026-08-22,18549,C-06488,paid_search,SPRING15,52.04,3.98,0
2026-08-22,18551,C-08680,email,,61.30,0.00,0
2026-08-22,18552,C-06058,paid_search,,80.37,0.00,0
2026-08-22,18553,C-08655,paid_search,SAVE20,58.88,15.54,1
2026-08-22,18554,C-08682,email,,52.84,0.00,0
2026-08-22,18555,C-08637,paid_search,SAVE20,66.93,20.57,1
2026-08-22,18556,C-01293,email,,81.14,0.00,1
2026-08-22,18557,C-08672,email,THANKYOU5,42.00,4.04,0
2026-08-22,18558,C-02141,organic,,53.00,0.00,0
2026-08-22,18559,C-08649,paid_search,,89.77,0.00,1
2026-08-22,18562,C-08643,paid_search,,65.51,0.00,0
2026-08-22,18563,C-08676,email,SPRING15,38.25,6.59,0
2026-08-22,18564,C-08646,paid_search,SPRING15,68.27,16.42,1
2026-08-22,18565,C-04004,marketplace,,84.17,0.00,1
2026-08-22,18567,C-08661,marketplace,,80.98,0.00,1
2026-08-22,18568,C-05047,organic,,38.65,0.00,0
2026-08-22,18569,C-08645,paid_search,SPRING15,67.52,25.98,0
2026-08-22,18570,C-06081,marketplace,THANKYOU5,50.51,4.32,0
2026-08-22,18571,C-03685,marketplace,,88.50,0.00,0
2026-08-22,18572,C-05531,email,WELCOME10,52.32,8.38,0
2026-08-22,18573,C-08669,marketplace,,80.91,0.00,1
2026-08-22,18576,C-06939,organic,,92.17,0.00,0
2026-08-22,18577,C-08671,email,,45.00,0.00,0
2026-08-22,18580,C-03673,paid_search,,71.66,0.00,0
2026-08-22,18582,C-08650,paid_search,WELCOME10,46.87,11.69,0
2026-08-22,18583,C-08674,email,,72.92,0.00,0
2026-08-22,18586,C-05649,email,,77.19,0.00,0
2026-08-22,18588,C-00261,organic,,63.71,0.00,0
2026-08-22,18590,C-04182,marketplace,,60.42,0.00,1
2026-08-22,18592,C-03284,organic,,43.87,0.00,0
2026-08-22,18593,C-08678,email,SPRING15,42.33,4.42,0
2026-08-22,18594,C-08687,organic,WELCOME10,68.67,6.39,0
2026-08-22,18596,C-08681,email,,40.00,0.00,0
2026-08-22,18597,C-08684,organic,SAVE20,32.10,4.52,0
2026-08-22,18598,C-08664,marketplace,,41.34,0.00,0
2026-08-22,18601,C-05174,paid_search,,66.25,0.00,0
2026-08-22,18603,C-00864,email,,94.87,0.00,1
2026-08-22,18604,C-08640,paid_search,SPRING15,50.34,11.60,0
2026-08-22,18605,C-02954,marketplace,,52.88,0.00,0
2026-08-22,18608,C-04248,email,,40.86,0.00,1
2026-08-22,18609,C-08641,paid_search,SPRING15,58.76,18.50,1
2026-08-22,18610,C-04565,paid_search,,98.17,0.00,1
2026-08-22,18611,C-02470,email,,78.02,0.00,0
2026-08-22,18612,C-04244,email,,59.18,0.00,0
2026-08-22,18613,C-08663,marketplace,,57.93,0.00,0
2026-08-22,18614,C-08679,email,,54.08,0.00,0
2026-08-22,18615,C-08677,email,,44.34,0.00,1
2026-08-22,18617,C-08652,paid_search,THANKYOU5,49.33,15.72,0
2026-08-22,18618,C-06295,paid_search,SAVE20,39.23,4.16,0
2026-08-22,18619,C-08667,marketplace,WELCOME10,64.40,10.89,0
2026-08-22,18620,C-04620,marketplace,,54.69,0.00,0
2026-08-22,18622,C-08642,paid_search,THANKYOU5,47.93,19.06,1
2026-08-22,18623,C-04603,marketplace,,50.89,0.00,0
2026-08-22,18624,C-06521,email,,59.97,0.00,0
2026-08-22,18625,C-06740,email,,61.26,0.00,0
2026-08-22,18626,C-02567,email,,63.67,0.00,0
2026-08-22,18627,C-05262,paid_search,,75.98,0.00,1
2026-08-22,18629,C-08651,paid_search,SAVE20,41.84,15.96,0
2026-08-23,18630,C-08695,paid_search,WELCOME10,70.82,23.20,1
2026-08-23,18631,C-08711,paid_search,,69.85,0.00,1
2026-08-23,18632,C-08725,email,,48.64,0.00,0
2026-08-23,18633,C-04232,marketplace,,75.47,0.00,0
2026-08-23,18634,C-08716,marketplace,WELCOME10,63.56,13.97,0
2026-08-23,18635,C-08698,paid_search,SPRING15,49.01,15.90,0
2026-08-23,18636,C-08722,marketplace,,56.60,0.00,0
2026-08-23,18637,C-08736,organic,WELCOME10,56.19,7.67,1
2026-08-23,18638,C-00970,email,,96.02,0.00,0
2026-08-23,18639,C-08690,paid_search,,65.46,0.00,0
2026-08-23,18640,C-08732,organic,,43.90,0.00,0
2026-08-23,18641,C-08737,organic,,59.33,0.00,0
2026-08-23,18642,C-08689,paid_search,WELCOME10,69.93,25.27,0
2026-08-23,18643,C-08715,marketplace,,62.41,0.00,0
2026-08-23,18644,C-08705,paid_search,SPRING15,62.63,25.37,1
2026-08-23,18645,C-08693,paid_search,SPRING15,50.58,21.26,0
2026-08-23,18646,C-05303,paid_search,,39.78,0.00,0
2026-08-23,18648,C-08701,paid_search,SPRING15,55.11,15.93,0
2026-08-23,18649,C-08720,marketplace,,44.99,0.00,0
2026-08-23,18650,C-08697,paid_search,SAVE20,63.83,23.25,0
2026-08-23,18653,C-05252,marketplace,,69.59,0.00,1
2026-08-23,18654,C-05107,organic,,62.45,0.00,0
2026-08-23,18655,C-08704,paid_search,THANKYOU5,61.54,19.27,0
2026-08-23,18656,C-08706,paid_search,THANKYOU5,43.13,17.93,0
2026-08-23,18657,C-08713,marketplace,THANKYOU5,59.68,12.25,0
2026-08-23,18660,C-08728,email,,38.61,0.00,0
2026-08-23,18662,C-08730,email,,53.28,0.00,0
2026-08-23,18664,C-08729,email,,64.47,0.00,0
2026-08-23,18665,C-08696,paid_search,SAVE20,51.69,12.55,1
2026-08-23,18666,C-08692,paid_search,THANKYOU5,61.23,18.73,1
2026-08-23,18667,C-02615,marketplace,,86.78,0.00,0
2026-08-23,18669,C-06089,organic,SPRING15,81.01,8.82,0
2026-08-23,18670,C-04786,email,,49.58,0.00,0
2026-08-23,18673,C-08708,paid_search,SPRING15,41.43,16.11,0
2026-08-23,18674,C-03653,organic,,94.33,0.00,0
2026-08-23,18676,C-07816,email,,76.40,0.00,0
2026-08-23,18677,C-02543,paid_search,,60.35,0.00,0
2026-08-23,18678,C-08703,paid_search,SAVE20,66.63,18.47,0
2026-08-23,18679,C-03309,paid_search,WELCOME10,55.02,5.74,1
2026-08-23,18680,C-00919,email,,85.56,0.00,0
2026-08-23,18682,C-04791,paid_search,,43.58,0.00,1
2026-08-23,18683,C-08691,paid_search,WELCOME10,56.89,21.91,0
2026-08-23,18684,C-08721,marketplace,,42.92,0.00,0
2026-08-23,18686,C-05777,paid_search,,46.44,0.00,0
2026-08-23,18687,C-08699,paid_search,SPRING15,53.20,12.05,1
2026-08-23,18688,C-04947,organic,SAVE20,64.20,6.11,0
2026-08-23,18689,C-08727,email,,68.72,0.00,0
2026-08-23,18692,C-01838,paid_search,,88.56,0.00,1
2026-08-23,18694,C-00311,email,,84.79,0.00,0
2026-08-23,18697,C-06719,marketplace,,71.54,0.00,0
2026-08-23,18698,C-00584,email,WELCOME10,82.75,8.19,0
2026-08-23,18700,C-03027,email,THANKYOU5,51.25,4.32,1
2026-08-23,18701,C-00963,email,,73.35,0.00,0
2026-08-23,18702,C-08733,organic,,37.88,0.00,0
2026-08-23,18703,C-06442,marketplace,,59.65,0.00,0
2026-08-23,18704,C-08702,paid_search,WELCOME10,59.03,17.70,0
2026-08-23,18707,C-08694,paid_search,SPRING15,61.25,20.53,1
2026-08-23,18710,C-08724,email,,55.59,0.00,1
2026-08-23,18713,C-08726,email,,58.30,0.00,0
2026-08-23,18714,C-08731,email,,54.27,0.00,0
2026-08-23,18717,C-08710,paid_search,SAVE20,69.62,15.42,0
2026-08-23,18718,C-08714,marketplace,,47.51,0.00,0
2026-08-23,18721,C-03371,paid_search,,79.40,0.00,1
2026-08-23,18722,C-03844,marketplace,,56.70,0.00,0
2026-08-23,18723,C-00038,email,,106.68,0.00,0
2026-08-23,18726,C-08712,marketplace,,78.61,0.00,0
2026-08-23,18727,C-06570,email,SAVE20,59.40,10.46,0
2026-08-23,18728,C-08700,paid_search,THANKYOU5,55.53,18.30,0
2026-08-23,18729,C-08734,organic,,60.43,0.00,0
2026-08-23,18730,C-06461,organic,,91.81,0.00,1
2026-08-23,18731,C-08709,paid_search,SPRING15,71.07,20.09,0
2026-08-23,18732,C-08735,organic,SPRING15,64.93,5.13,0
2026-08-23,18733,C-08717,marketplace,,75.08,0.00,0
2026-08-23,18736,C-04011,email,,81.17,0.00,0
2026-08-23,18739,C-04637,marketplace,,51.34,0.00,0
2026-08-23,18740,C-06563,organic,SAVE20,73.90,4.19,0
2026-08-23,18742,C-08719,marketplace,SPRING15,59.30,12.03,0
2026-08-23,18743,C-08723,email,,73.40,0.00,0
2026-08-23,18744,C-06183,marketplace,,44.60,0.00,0
2026-08-23,18745,C-08718,marketplace,,43.69,0.00,0
2026-08-23,18746,C-00527,email,SAVE20,72.14,6.49,0
2026-08-23,18747,C-05202,email,,75.26,0.00,1
2026-08-23,18748,C-08707,paid_search,WELCOME10,49.57,12.16,0
2026-08-24,18749,C-03123,email,,87.10,0.00,0
2026-08-24,18750,C-00571,marketplace,,71.96,0.00,0
2026-08-24,18751,C-08755,paid_search,,63.36,0.00,0
2026-08-24,18753,C-08745,paid_search,WELCOME10,57.68,24.31,1
2026-08-24,18756,C-08770,marketplace,SPRING15,55.18,7.70,0
2026-08-24,18757,C-08741,paid_search,SAVE20,50.77,15.38,0
2026-08-24,18760,C-08799,organic,,58.08,0.00,0
2026-08-24,18761,C-08793,email,,44.41,0.00,0
2026-08-24,18762,C-08759,paid_search,SPRING15,46.90,16.50,0
2026-08-24,18763,C-08786,email,,64.51,0.00,1
2026-08-24,18764,C-08750,paid_search,SPRING15,45.16,18.14,0
2026-08-24,18766,C-05314,marketplace,,51.31,0.00,0
2026-08-24,18767,C-08765,paid_search,THANKYOU5,61.48,16.11,0
2026-08-24,18768,C-08776,marketplace,SAVE20,59.89,13.42,0
2026-08-24,18770,C-07012,marketplace,,54.04,0.00,0
2026-08-24,18773,C-01179,email,,46.41,0.00,0
2026-08-24,18776,C-08795,email,,39.52,0.00,0
2026-08-24,18777,C-08792,email,,65.87,0.00,0
2026-08-24,18778,C-00412,email,,60.80,0.00,0
2026-08-24,18779,C-08772,marketplace,SPRING15,65.01,11.66,0
2026-08-24,18780,C-08780,marketplace,,53.79,0.00,0
2026-08-24,18781,C-08764,paid_search,WELCOME10,56.14,21.78,0
2026-08-24,18782,C-03023,email,,102.79,0.00,0
2026-08-24,18785,C-08762,paid_search,SPRING15,49.22,19.03,1
2026-08-24,18787,C-08749,paid_search,THANKYOU5,46.60,12.59,0
2026-08-24,18788,C-08746,paid_search,WELCOME10,54.61,22.28,1
2026-08-24,18791,C-08744,paid_search,WELCOME10,55.05,23.44,1
2026-08-24,18792,C-08769,marketplace,,77.92,0.00,0
2026-08-24,18794,C-08771,marketplace,,42.10,0.00,0
2026-08-24,18795,C-06094,email,,71.05,0.00,0
2026-08-24,18796,C-08753,paid_search,SAVE20,53.70,14.89,1
2026-08-24,18797,C-08763,paid_search,WELCOME10,67.31,16.39,1
2026-08-24,18798,C-08779,marketplace,,46.27,0.00,0
2026-08-24,18799,C-08766,marketplace,WELCOME10,68.50,12.98,0
2026-08-24,18802,C-03461,email,,93.96,0.00,0
2026-08-24,18803,C-08760,paid_search,THANKYOU5,63.32,16.46,1
2026-08-24,18806,C-08797,organic,,44.32,0.00,0
2026-08-24,18807,C-01016,email,THANKYOU5,68.76,8.60,0
2026-08-24,18808,C-08758,paid_search,THANKYOU5,55.57,18.27,0
2026-08-24,18809,C-08773,marketplace,,42.23,0.00,0
2026-08-24,18810,C-08761,paid_search,WELCOME10,65.48,27.73,0
2026-08-24,18812,C-08785,email,SPRING15,66.89,6.94,0
2026-08-24,18813,C-08778,marketplace,WELCOME10,41.33,7.14,0
2026-08-24,18816,C-06030,email,,99.26,0.00,0
2026-08-24,18817,C-00096,email,,60.45,0.00,0
2026-08-24,18818,C-02420,marketplace,SAVE20,75.20,5.97,0
2026-08-24,18821,C-08796,organic,,77.27,0.00,0
2026-08-24,18822,C-08774,marketplace,,55.22,0.00,1
2026-08-24,18823,C-08754,paid_search,THANKYOU5,45.32,19.38,1
2026-08-24,18824,C-03996,marketplace,,54.84,0.00,0
2026-08-24,18825,C-02181,paid_search,,81.12,0.00,0
2026-08-24,18826,C-01747,email,,75.53,0.00,0
2026-08-24,18827,C-01921,marketplace,,76.98,0.00,0
2026-08-24,18828,C-08740,paid_search,,58.20,0.00,1
2026-08-24,18829,C-08790,email,SAVE20,58.69,4.55,0
2026-08-24,18830,C-08748,paid_search,,62.87,0.00,0
2026-08-24,18831,C-08788,email,,39.38,0.00,0
2026-08-24,18832,C-04076,email,SAVE20,65.78,4.85,0
2026-08-24,18833,C-08801,organic,,50.39,0.00,0
2026-08-24,18834,C-01168,marketplace,,65.48,0.00,0
2026-08-24,18835,C-07161,email,,90.48,0.00,0
2026-08-24,18836,C-08768,marketplace,,53.25,0.00,0
2026-08-24,18837,C-08742,paid_search,WELCOME10,74.34,19.47,0
2026-08-24,18839,C-08777,marketplace,SAVE20,59.39,10.98,0
2026-08-24,18840,C-05051,organic,,80.51,0.00,0
2026-08-24,18841,C-02264,marketplace,,69.92,0.00,0
2026-08-24,18842,C-07776,email,,73.30,0.00,0
2026-08-24,18844,C-08800,organic,,44.90,0.00,1
2026-08-24,18846,C-08783,email,SPRING15,36.49,2.84,0
2026-08-24,18847,C-08767,marketplace,,64.12,0.00,0
2026-08-24,18850,C-02270,marketplace,,72.71,0.00,0
2026-08-24,18851,C-05712,organic,,55.05,0.00,0
2026-08-24,18852,C-07735,paid_search,,53.93,0.00,0
2026-08-24,18853,C-08743,paid_search,THANKYOU5,66.69,16.80,0
2026-08-24,18854,C-06677,email,,100.03,0.00,0
2026-08-24,18855,C-01742,email,,84.29,0.00,0
2026-08-24,18857,C-08781,email,,61.30,0.00,0
2026-08-24,18858,C-08791,email,,41.57,0.00,0
2026-08-24,18860,C-08751,paid_search,WELCOME10,44.86,19.18,1
2026-08-24,18862,C-08757,paid_search,THANKYOU5,45.43,13.99,0
2026-08-24,18863,C-04519,organic,,59.17,0.00,0
2026-08-24,18864,C-04522,paid_search,,56.93,0.00,1
2026-08-24,18865,C-08784,email,,57.17,0.00,0
2026-08-24,18866,C-08789,email,,56.55,0.00,0
2026-08-24,18868,C-08775,marketplace,,48.34,0.00,0
2026-08-24,18870,C-08752,paid_search,SPRING15,60.41,18.50,0
2026-08-24,18871,C-08738,paid_search,WELCOME10,64.84,20.49,0
2026-08-24,18872,C-08756,paid_search,SAVE20,67.56,23.06,0
2026-08-24,18873,C-07976,marketplace,,85.41,0.00,0
2026-08-24,18875,C-06489,paid_search,,60.00,0.00,0
2026-08-24,18876,C-08747,paid_search,SPRING15,56.16,21.01,0
2026-08-24,18879,C-08787,email,,42.75,0.00,0
2026-08-24,18882,C-08798,organic,SPRING15,47.31,7.26,0
2026-08-24,18883,C-08782,email,,53.19,0.00,0
2026-08-24,18885,C-08794,email,THANKYOU5,43.87,6.44,0
2026-08-24,18886,C-08739,paid_search,SAVE20,60.67,13.62,1
2026-08-25,18887,C-08825,paid_search,SPRING15,65.28,26.75,0
2026-08-25,18889,C-08848,email,,56.91,0.00,0
2026-08-25,18890,C-08814,paid_search,SPRING15,66.81,16.77,0
2026-08-25,18891,C-08822,paid_search,WELCOME10,72.02,23.05,0
2026-08-25,18894,C-08837,marketplace,,54.03,0.00,0
2026-08-25,18895,C-06235,marketplace,,81.33,0.00,0
2026-08-25,18896,C-08860,organic,THANKYOU5,43.79,7.30,0
2026-08-25,18897,C-04002,marketplace,THANKYOU5,52.72,3.72,0
2026-08-25,18898,C-08830,marketplace,THANKYOU5,47.01,8.12,1
2026-08-25,18899,C-07930,email,SAVE20,65.03,9.21,0
2026-08-25,18900,C-08824,paid_search,SPRING15,44.60,11.43,0
2026-08-25,18902,C-08840,marketplace,,45.69,0.00,0
2026-08-25,18903,C-08857,email,,44.72,0.00,0
2026-08-25,18906,C-01422,marketplace,,58.66,0.00,0
2026-08-25,18907,C-01276,marketplace,,61.02,0.00,0
2026-08-25,18910,C-03223,email,SPRING15,53.68,4.95,0
2026-08-25,18913,C-07936,email,,64.99,0.00,0
2026-08-25,18914,C-02517,marketplace,,93.59,0.00,0
2026-08-25,18917,C-05738,marketplace,,67.41,0.00,0
2026-08-25,18918,C-08843,email,,49.71,0.00,0
2026-08-25,18920,C-08856,email,,62.75,0.00,0
2026-08-25,18923,C-08847,email,,47.38,0.00,0
2026-08-25,18924,C-08863,organic,,66.51,0.00,0
2026-08-25,18925,C-08839,marketplace,,53.38,0.00,0
2026-08-25,18928,C-08868,organic,THANKYOU5,56.23,3.42,0
2026-08-25,18929,C-03802,email,THANKYOU5,86.75,4.85,0
2026-08-25,18930,C-07393,email,,59.40,0.00,0
2026-08-25,18932,C-08842,email,,59.20,0.00,0
2026-08-25,18933,C-08821,paid_search,SPRING15,51.05,15.55,1
2026-08-25,18934,C-08841,marketplace,WELCOME10,42.96,6.91,0
2026-08-25,18936,C-08807,paid_search,SAVE20,70.98,23.35,1
2026-08-25,18937,C-08808,paid_search,WELCOME10,52.01,18.26,0
2026-08-25,18938,C-08815,paid_search,,87.18,0.00,1
2026-08-25,18939,C-02909,email,,47.06,0.00,0
2026-08-25,18942,C-08834,marketplace,,73.16,0.00,0
2026-08-25,18943,C-08864,organic,,63.04,0.00,0
2026-08-25,18944,C-00745,organic,,90.80,0.00,0
2026-08-25,18945,C-06527,organic,SPRING15,68.61,10.14,0
2026-08-25,18947,C-06400,organic,,49.59,0.00,0
2026-08-25,18948,C-00866,email,,68.40,0.00,0
2026-08-25,18949,C-08817,paid_search,,83.90,0.00,0
2026-08-25,18950,C-08827,marketplace,,41.25,0.00,0
2026-08-25,18951,C-08862,organic,,57.08,0.00,0
2026-08-25,18954,C-04972,marketplace,,49.00,0.00,0
2026-08-25,18955,C-08858,email,,49.80,0.00,0
2026-08-25,18956,C-08836,marketplace,SAVE20,64.61,7.26,0
2026-08-25,18958,C-03601,organic,SPRING15,79.88,12.58,0
2026-08-25,18960,C-08849,email,WELCOME10,50.00,4.72,0
2026-08-25,18961,C-08823,paid_search,SAVE20,52.74,20.86,0
2026-08-25,18962,C-08818,paid_search,SPRING15,66.18,19.66,1
2026-08-25,18964,C-08859,email,,72.96,0.00,0
2026-08-25,18967,C-08829,marketplace,,44.42,0.00,0
2026-08-25,18968,C-08803,paid_search,THANKYOU5,64.30,17.62,1
2026-08-25,18970,C-05420,email,,57.02,0.00,0
2026-08-25,18971,C-08805,paid_search,THANKYOU5,72.84,21.04,0
2026-08-25,18974,C-08867,organic,,51.85,0.00,0
2026-08-25,18975,C-04521,organic,,65.19,0.00,0
2026-08-25,18976,C-08809,paid_search,SPRING15,64.70,19.87,0
2026-08-25,18979,C-08852,email,THANKYOU5,36.70,4.33,0
2026-08-25,18982,C-08812,paid_search,THANKYOU5,51.16,16.96,0
2026-08-25,18984,C-06907,paid_search,SAVE20,44.24,4.56,0
2026-08-25,18985,C-08813,paid_search,WELCOME10,66.83,28.49,1
2026-08-25,18987,C-06608,email,,74.05,0.00,0
2026-08-25,18988,C-07343,email,,103.19,0.00,0
2026-08-25,18989,C-08845,email,,51.27,0.00,0
2026-08-25,18990,C-08804,paid_search,SPRING15,75.97,16.70,0
2026-08-25,18991,C-08810,paid_search,WELCOME10,55.79,14.03,1
2026-08-25,18992,C-00634,marketplace,,71.49,0.00,0
2026-08-25,18993,C-08854,email,,54.59,0.00,0
2026-08-25,18994,C-08850,email,,44.33,0.00,0
2026-08-25,18996,C-08820,paid_search,SPRING15,47.23,19.72,0
2026-08-25,18998,C-04795,paid_search,,42.69,0.00,1
2026-08-25,18999,C-07323,marketplace,,81.48,0.00,0
2026-08-25,19000,C-04172,marketplace,,58.85,0.00,0
2026-08-25,19002,C-08802,paid_search,,87.41,0.00,0
2026-08-25,19003,C-08835,marketplace,SPRING15,52.07,10.16,0
2026-08-25,19005,C-07171,organic,,63.24,0.00,0
2026-08-25,19006,C-08855,email,,53.65,0.00,0
2026-08-25,19007,C-05135,marketplace,,84.37,0.00,0
2026-08-25,19008,C-08828,marketplace,,53.38,0.00,0
2026-08-25,19011,C-08811,paid_search,SAVE20,54.44,16.03,0
2026-08-25,19014,C-08851,email,,40.66,0.00,0
2026-08-25,19015,C-08853,email,,65.44,0.00,0
2026-08-25,19016,C-08826,marketplace,,63.76,0.00,0
2026-08-25,19018,C-08816,paid_search,SPRING15,49.49,21.07,1
2026-08-25,19019,C-05103,marketplace,,66.91,0.00,1
2026-08-25,19020,C-08870,organic,,51.98,0.00,0
2026-08-25,19021,C-08861,organic,,46.11,0.00,0
2026-08-25,19022,C-06624,paid_search,,65.60,0.00,0
2026-08-25,19025,C-05958,email,,64.03,0.00,0
2026-08-25,19026,C-08806,paid_search,,56.12,0.00,1
2026-08-25,19027,C-08832,marketplace,,49.56,0.00,0
2026-08-25,19030,C-04181,marketplace,,46.68,0.00,1
2026-08-25,19031,C-08844,email,,44.99,0.00,1
2026-08-25,19034,C-08866,organic,SPRING15,35.60,2.75,0
2026-08-25,19035,C-05854,email,,60.96,0.00,0
2026-08-25,19036,C-06217,paid_search,,53.25,0.00,0
2026-08-25,19037,C-08819,paid_search,THANKYOU5,67.32,18.70,0
2026-08-25,19038,C-08831,marketplace,,80.25,0.00,0
2026-08-25,19039,C-08833,marketplace,SPRING15,64.09,11.18,0
2026-08-25,19040,C-08865,organic,,70.93,0.00,1
2026-08-25,19041,C-08869,organic,,36.94,0.00,0
2026-08-25,19042,C-08838,marketplace,,44.46,0.00,0
2026-08-25,19044,C-08846,email,SAVE20,62.73,3.46,0
2026-08-25,19046,C-04904,paid_search,SPRING15,56.91,7.29,1
2026-08-26,19048,C-08898,paid_search,SAVE20,51.54,14.41,0
2026-08-26,19049,C-00259,email,,65.35,0.00,0
2026-08-26,19052,C-02057,email,SPRING15,43.44,5.00,0
2026-08-26,19053,C-08906,marketplace,,48.33,0.00,0
2026-08-26,19054,C-02774,email,,84.14,0.00,0
2026-08-26,19055,C-08891,paid_search,,82.30,0.00,1
2026-08-26,19056,C-08907,marketplace,,59.59,0.00,1
2026-08-26,19057,C-08887,paid_search,THANKYOU5,67.91,25.76,0
2026-08-26,19058,C-08875,paid_search,,77.67,0.00,1
2026-08-26,19059,C-08886,paid_search,SPRING15,61.47,17.46,1
2026-08-26,19061,C-08904,marketplace,,51.71,0.00,0
2026-08-26,19062,C-08879,paid_search,SAVE20,59.24,23.91,0
2026-08-26,19063,C-05816,marketplace,,50.25,0.00,0
2026-08-26,19064,C-08897,paid_search,,93.90,0.00,0
2026-08-26,19067,C-03402,email,,67.75,0.00,0
2026-08-26,19068,C-08888,paid_search,SAVE20,58.11,15.01,0
2026-08-26,19071,C-06642,paid_search,,48.34,0.00,0
2026-08-26,19072,C-08902,marketplace,THANKYOU5,47.67,10.29,0
2026-08-26,19073,C-08912,marketplace,,73.49,0.00,0
2026-08-26,19074,C-08930,email,SAVE20,40.10,4.35,0
2026-08-26,19076,C-08929,email,,60.41,0.00,0
2026-08-26,19077,C-01017,paid_search,,98.68,0.00,0
2026-08-26,19078,C-08913,marketplace,SAVE20,39.47,9.57,1
2026-08-26,19079,C-08901,marketplace,,61.47,0.00,0
2026-08-26,19080,C-08931,email,,42.39,0.00,0
2026-08-26,19081,C-08894,paid_search,SPRING15,58.65,13.61,1
2026-08-26,19082,C-08872,paid_search,THANKYOU5,61.46,14.56,0
2026-08-26,19085,C-03647,email,,76.42,0.00,0
2026-08-26,19086,C-08919,email,,45.43,0.00,0
2026-08-26,19088,C-05589,email,,54.48,0.00,0
2026-08-26,19090,C-08909,marketplace,SPRING15,37.19,6.97,0
2026-08-26,19091,C-08876,paid_search,,95.00,0.00,0
2026-08-26,19092,C-08893,paid_search,SPRING15,66.77,17.94,0
2026-08-26,19093,C-08877,paid_search,WELCOME10,43.93,16.52,0
2026-08-26,19094,C-08880,paid_search,SAVE20,64.75,21.39,1
2026-08-26,19096,C-08881,paid_search,SPRING15,60.84,19.83,0
2026-08-26,19097,C-08878,paid_search,SAVE20,46.73,19.17,1
2026-08-26,19098,C-08933,organic,,57.26,0.00,0
2026-08-26,19099,C-08896,paid_search,WELCOME10,75.64,17.11,1
2026-08-26,19101,C-08938,organic,,62.40,0.00,0
2026-08-26,19102,C-08926,email,,38.73,0.00,0
2026-08-26,19103,C-03585,email,,66.95,0.00,0
2026-08-26,19104,C-01290,email,,85.50,0.00,0
2026-08-26,19107,C-02137,marketplace,,95.71,0.00,0
2026-08-26,19110,C-08925,email,SPRING15,35.91,5.53,0
2026-08-26,19111,C-08873,paid_search,SPRING15,46.72,12.77,0
2026-08-26,19112,C-08899,paid_search,SPRING15,60.52,13.90,0
2026-08-26,19115,C-04108,paid_search,,73.92,0.00,0
2026-08-26,19116,C-08889,paid_search,SPRING15,72.95,22.70,0
2026-08-26,19117,C-08934,organic,,76.55,0.00,0
2026-08-26,19118,C-08932,email,,67.28,0.00,0
2026-08-26,19120,C-03313,organic,,86.84,0.00,0
2026-08-26,19121,C-08895,paid_search,SAVE20,44.43,18.28,0
2026-08-26,19122,C-08915,marketplace,,45.78,0.00,0
2026-08-26,19123,C-06807,email,,63.14,0.00,0
2026-08-26,19124,C-08908,marketplace,,46.39,0.00,0
2026-08-26,19125,C-04616,organic,,68.59,0.00,0
2026-08-26,19126,C-00588,organic,SAVE20,75.80,5.48,1
2026-08-26,19127,C-03495,marketplace,,77.15,0.00,0
2026-08-26,19128,C-08936,organic,,55.66,0.00,0
2026-08-26,19129,C-08882,paid_search,THANKYOU5,62.20,17.74,0
2026-08-26,19130,C-02564,email,,63.19,0.00,0
2026-08-26,19131,C-06789,marketplace,,66.06,0.00,0
2026-08-26,19132,C-08911,marketplace,,54.34,0.00,0
2026-08-26,19133,C-06352,paid_search,,45.71,0.00,1
2026-08-26,19135,C-07973,marketplace,WELCOME10,59.66,8.20,0
2026-08-26,19138,C-08920,email,,70.15,0.00,0
2026-08-26,19141,C-03965,marketplace,,71.61,0.00,0
2026-08-26,19142,C-08883,paid_search,SPRING15,46.71,10.89,1
2026-08-26,19143,C-07638,email,SPRING15,82.15,7.50,0
2026-08-26,19145,C-04831,email,,77.61,0.00,0
2026-08-26,19147,C-04087,organic,,83.01,0.00,0
2026-08-26,19148,C-04568,email,SPRING15,45.10,7.94,0
2026-08-26,19149,C-02776,organic,,89.77,0.00,0
2026-08-26,19150,C-08917,email,,71.57,0.00,0
2026-08-26,19151,C-08914,marketplace,,77.05,0.00,0
2026-08-26,19152,C-02858,email,,71.29,0.00,0
2026-08-26,19154,C-05707,email,,69.17,0.00,0
2026-08-26,19156,C-08923,email,WELCOME10,46.59,4.34,0
2026-08-26,19157,C-02903,marketplace,THANKYOU5,39.43,6.16,0
2026-08-26,19158,C-08922,email,,44.48,0.00,0
2026-08-26,19159,C-08885,paid_search,THANKYOU5,45.86,11.00,0
2026-08-26,19161,C-08871,paid_search,THANKYOU5,64.61,24.57,1
2026-08-26,19162,C-08890,paid_search,SAVE20,55.01,12.97,0
2026-08-26,19165,C-08884,paid_search,SAVE20,69.38,17.49,1
2026-08-26,19166,C-03891,marketplace,,50.21,0.00,0
2026-08-26,19167,C-08918,email,SAVE20,65.13,6.18,1
2026-08-26,19170,C-07707,email,,75.38,0.00,0
2026-08-26,19172,C-08900,marketplace,THANKYOU5,46.91,7.68,1
2026-08-26,19173,C-08916,email,,66.12,0.00,0
2026-08-26,19174,C-03401,email,,83.79,0.00,0
2026-08-26,19176,C-08910,marketplace,,79.70,0.00,0
2026-08-26,19177,C-03448,marketplace,,84.73,0.00,0
2026-08-26,19178,C-08935,organic,,67.00,0.00,0
2026-08-26,19179,C-08874,paid_search,SPRING15,53.45,22.87,0
2026-08-26,19180,C-05939,paid_search,,38.53,0.00,1
2026-08-26,19181,C-08921,email,WELCOME10,42.89,4.26,0
2026-08-26,19182,C-08892,paid_search,THANKYOU5,47.06,17.18,0
2026-08-26,19183,C-04397,email,,104.11,0.00,0
2026-08-26,19184,C-08939,organic,,71.10,0.00,0
2026-08-26,19186,C-08927,email,,47.03,0.00,0
2026-08-26,19187,C-08903,marketplace,,60.25,0.00,1
2026-08-26,19189,C-05193,marketplace,,74.19,0.00,0
2026-08-26,19192,C-08924,email,,42.78,0.00,1
2026-08-26,19193,C-06679,organic,THANKYOU5,73.72,8.08,0
2026-08-26,19194,C-08928,email,THANKYOU5,53.52,8.25,0
2026-08-26,19196,C-04949,email,,70.59,0.00,0
2026-08-26,19197,C-06243,marketplace,SAVE20,41.40,7.30,1
2026-08-26,19199,C-08905,marketplace,,74.98,0.00,0
2026-08-26,19200,C-08937,organic,,54.72,0.00,0
2026-08-26,19201,C-05497,paid_search,,50.64,0.00,1
2026-08-26,19203,C-03642,organic,SAVE20,54.81,9.18,0
2026-08-27,19204,C-05660,marketplace,,90.38,0.00,0
2026-08-27,19205,C-04184,email,SPRING15,71.98,6.37,0
2026-08-27,19207,C-07648,email,,62.86,0.00,0
2026-08-27,19210,C-03511,paid_search,,53.91,0.00,0
2026-08-27,19213,C-08986,email,,41.23,0.00,1
2026-08-27,19214,C-08941,paid_search,WELCOME10,56.78,20.51,0
2026-08-27,19217,C-08990,email,,52.35,0.00,0
2026-08-27,19219,C-08948,paid_search,SAVE20,42.88,16.28,1
2026-08-27,19221,C-04510,email,,93.11,0.00,0
2026-08-27,19222,C-04508,email,,79.94,0.00,0
2026-08-27,19223,C-08949,paid_search,SPRING15,55.47,21.70,0
2026-08-27,19224,C-08962,paid_search,SAVE20,60.41,25.76,0
2026-08-27,19225,C-00037,email,,55.23,0.00,0
2026-08-27,19227,C-08972,marketplace,SPRING15,60.63,13.67,0
2026-08-27,19229,C-08989,email,,64.23,0.00,0
2026-08-27,19232,C-09002,organic,SPRING15,38.00,4.17,0
2026-08-27,19233,C-08973,marketplace,WELCOME10,42.46,8.22,0
2026-08-27,19234,C-04864,marketplace,SAVE20,69.93,11.55,0
2026-08-27,19235,C-08946,paid_search,,61.60,0.00,0
2026-08-27,19236,C-05156,organic,WELCOME10,70.69,6.90,0
2026-08-27,19237,C-08963,paid_search,,60.95,0.00,0
2026-08-27,19238,C-08981,marketplace,,48.76,0.00,0
2026-08-27,19239,C-05932,paid_search,,70.41,0.00,1
2026-08-27,19242,C-08993,email,,68.92,0.00,0
2026-08-27,19243,C-09001,organic,SPRING15,34.92,3.15,0
2026-08-27,19244,C-08999,organic,,58.34,0.00,0
2026-08-27,19245,C-05884,paid_search,THANKYOU5,49.86,5.81,1
2026-08-27,19246,C-08995,email,THANKYOU5,41.37,6.66,0
2026-08-27,19247,C-08958,paid_search,SAVE20,44.97,17.38,0
2026-08-27,19249,C-08992,email,SAVE20,42.02,6.55,0
2026-08-27,19252,C-08984,marketplace,,53.53,0.00,0
2026-08-27,19255,C-04427,paid_search,THANKYOU5,53.62,4.48,0
2026-08-27,19256,C-07897,paid_search,,45.64,0.00,1
2026-08-27,19259,C-03801,marketplace,,74.84,0.00,0
2026-08-27,19262,C-08979,marketplace,,76.45,0.00,0
2026-08-27,19265,C-08996,email,,60.62,0.00,0
2026-08-27,19267,C-08955,paid_search,WELCOME10,61.68,14.60,1
2026-08-27,19269,C-08966,paid_search,,69.73,0.00,0
2026-08-27,19270,C-08965,paid_search,THANKYOU5,71.93,19.64,0
2026-08-27,19273,C-08974,marketplace,,67.82,0.00,0
2026-08-27,19274,C-08940,paid_search,SPRING15,67.06,18.26,1
2026-08-27,19276,C-08978,marketplace,,67.36,0.00,0
2026-08-27,19277,C-04021,organic,,50.17,0.00,0
2026-08-27,19278,C-08980,marketplace,WELCOME10,38.25,8.18,0
2026-08-27,19281,C-08977,marketplace,WELCOME10,51.62,6.00,0
2026-08-27,19282,C-02398,organic,,68.92,0.00,0
2026-08-27,19283,C-08991,email,,59.16,0.00,0
2026-08-27,19285,C-08975,marketplace,,61.23,0.00,1
2026-08-27,19286,C-01004,marketplace,WELCOME10,41.37,4.57,0
2026-08-27,19287,C-08988,email,SPRING15,64.32,4.93,0
2026-08-27,19288,C-07034,organic,THANKYOU5,72.00,10.85,0
2026-08-27,19289,C-05356,marketplace,,65.96,0.00,0
2026-08-27,19290,C-02283,email,,104.69,0.00,0
2026-08-27,19292,C-07206,marketplace,,60.04,0.00,0
2026-08-27,19294,C-08971,marketplace,THANKYOU5,63.80,9.01,0
2026-08-27,19295,C-08947,paid_search,,85.13,0.00,0
2026-08-27,19297,C-02913,organic,SPRING15,66.92,5.24,0
2026-08-27,19298,C-08954,paid_search,WELCOME10,55.58,18.56,0
2026-08-27,19301,C-03319,marketplace,,54.79,0.00,0
2026-08-27,19302,C-08961,paid_search,,72.09,0.00,0
2026-08-27,19304,C-03985,paid_search,THANKYOU5,34.94,5.51,1
2026-08-27,19306,C-09004,organic,,51.36,0.00,0
2026-08-27,19308,C-08951,paid_search,,72.55,0.00,0
2026-08-27,19311,C-08976,marketplace,,79.26,0.00,0
2026-08-27,19314,C-07423,paid_search,SPRING15,40.94,5.86,0
2026-08-27,19317,C-08994,email,,44.04,0.00,0
2026-08-27,19318,C-05255,marketplace,,41.46,0.00,0
2026-08-27,19319,C-08987,email,SAVE20,50.82,7.16,0
2026-08-27,19320,C-03266,marketplace,,78.74,0.00,0
2026-08-27,19322,C-02618,email,,81.79,0.00,0
2026-08-27,19323,C-08964,paid_search,THANKYOU5,45.75,15.40,0
2026-08-27,19324,C-08985,email,SPRING15,40.78,4.10,0
2026-08-27,19325,C-04878,email,,60.62,0.00,0
2026-08-27,19328,C-03340,email,,79.00,0.00,0
2026-08-27,19329,C-09003,organic,,61.59,0.00,0
2026-08-27,19330,C-00585,organic,,49.63,0.00,0
2026-08-27,19331,C-08957,paid_search,SAVE20,70.29,21.65,1
2026-08-27,19334,C-08982,marketplace,WELCOME10,58.56,13.95,0
2026-08-27,19335,C-04015,email,,65.39,0.00,0
2026-08-27,19338,C-08960,paid_search,THANKYOU5,69.82,15.91,0
2026-08-27,19341,C-03542,email,,79.97,0.00,0
2026-08-27,19344,C-08968,paid_search,SAVE20,53.07,21.13,0
2026-08-27,19346,C-08942,paid_search,WELCOME10,63.71,25.14,0
2026-08-27,19348,C-04614,marketplace,,73.99,0.00,0
2026-08-27,19349,C-03310,paid_search,,45.91,0.00,0
2026-08-27,19350,C-04811,marketplace,SAVE20,59.28,3.72,0
2026-08-27,19353,C-08952,paid_search,WELCOME10,50.95,18.57,0
2026-08-27,19354,C-08970,marketplace,SAVE20,67.44,9.94,0
2026-08-27,19355,C-05090,marketplace,,82.44,0.00,0
2026-08-27,19356,C-08967,paid_search,WELCOME10,69.36,26.35,0
2026-08-27,19357,C-08950,paid_search,THANKYOU5,58.37,14.68,1
2026-08-27,19358,C-09000,organic,,52.35,0.00,0
2026-08-27,19359,C-07102,organic,,57.67,0.00,0
2026-08-27,19360,C-08983,marketplace,,55.33,0.00,0
2026-08-27,19361,C-06180,marketplace,,85.85,0.00,0
2026-08-27,19362,C-08959,paid_search,THANKYOU5,67.40,24.37,0
2026-08-27,19364,C-08998,organic,,69.57,0.00,0
2026-08-27,19365,C-08997,email,,67.02,0.00,0
2026-08-27,19366,C-08945,paid_search,,73.93,0.00,0
2026-08-27,19367,C-08943,paid_search,,69.85,0.00,1
2026-08-27,19368,C-08969,paid_search,SPRING15,72.75,18.21,1
2026-08-27,19370,C-08953,paid_search,WELCOME10,42.70,18.25,0
2026-08-27,19371,C-03090,organic,,45.18,0.00,0
2026-08-27,19372,C-08944,paid_search,,68.94,0.00,1
2026-08-27,19373,C-03539,email,,57.57,0.00,0
2026-08-27,19374,C-08956,paid_search,SPRING15,58.96,15.15,1
2026-08-28,19376,C-06159,paid_search,SAVE20,64.01,4.36,1
2026-08-28,19377,C-02988,paid_search,,47.97,0.00,0
2026-08-28,19378,C-01706,email,,75.51,0.00,0
2026-08-28,19380,C-09034,marketplace,WELCOME10,42.55,9.95,0
2026-08-28,19382,C-05016,paid_search,,58.66,0.00,0
2026-08-28,19383,C-09044,marketplace,,65.90,0.00,0
2026-08-28,19385,C-09056,email,,72.90,0.00,0
2026-08-28,19386,C-09057,email,,58.77,0.00,0
2026-08-28,19387,C-09067,organic,,69.47,0.00,0
2026-08-28,19388,C-02622,email,,55.73,0.00,0
2026-08-28,19390,C-09009,paid_search,SAVE20,52.15,12.97,0
2026-08-28,19391,C-09059,email,,43.73,0.00,0
2026-08-28,19392,C-04589,marketplace,,62.29,0.00,0
2026-08-28,19393,C-09008,paid_search,SPRING15,60.44,24.80,0
2026-08-28,19395,C-09011,paid_search,SAVE20,66.11,22.96,1
2026-08-28,19398,C-09019,paid_search,SAVE20,73.20,16.40,0
2026-08-28,19401,C-09064,email,,62.73,0.00,0
2026-08-28,19402,C-04966,paid_search,,51.57,0.00,1
2026-08-28,19403,C-05117,paid_search,,62.00,0.00,1
2026-08-28,19404,C-09028,paid_search,THANKYOU5,55.18,17.16,0
2026-08-28,19405,C-09015,paid_search,THANKYOU5,71.74,16.20,0
2026-08-28,19408,C-05576,organic,,75.02,0.00,0
2026-08-28,19411,C-09049,email,,40.87,0.00,0
2026-08-28,19413,C-09050,email,,45.75,0.00,1
2026-08-28,19414,C-09045,marketplace,SPRING15,70.89,8.46,0
2026-08-28,19415,C-04596,paid_search,,67.94,0.00,0
2026-08-28,19416,C-05338,organic,,67.04,0.00,0
2026-08-28,19417,C-09042,marketplace,THANKYOU5,36.82,8.53,0
2026-08-28,19419,C-09063,email,,65.60,0.00,0
2026-08-28,19420,C-09052,email,WELCOME10,57.48,7.35,1
2026-08-28,19422,C-05388,paid_search,,38.38,0.00,0
2026-08-28,19425,C-06098,email,,73.66,0.00,0
2026-08-28,19426,C-09069,organic,,60.17,0.00,0
2026-08-28,19427,C-09062,email,,43.87,0.00,1
2026-08-28,19428,C-09012,paid_search,SPRING15,61.03,13.51,0
2026-08-28,19429,C-09007,paid_search,,85.61,0.00,0
2026-08-28,19430,C-09020,paid_search,SAVE20,54.54,22.15,1
2026-08-28,19432,C-09037,marketplace,SPRING15,61.74,8.30,0
2026-08-28,19433,C-09023,paid_search,THANKYOU5,60.95,21.38,0
2026-08-28,19434,C-09043,marketplace,SAVE20,66.46,7.82,0
2026-08-28,19436,C-06509,email,,77.51,0.00,0
2026-08-28,19437,C-06783,email,,79.19,0.00,0
2026-08-28,19438,C-04766,email,,79.00,0.00,0
2026-08-28,19441,C-09021,paid_search,THANKYOU5,54.10,16.09,0
2026-08-28,19442,C-09018,paid_search,WELCOME10,53.18,22.62,1
2026-08-28,19443,C-04946,email,,66.94,0.00,0
2026-08-28,19445,C-09005,paid_search,,61.71,0.00,0
2026-08-28,19447,C-09051,email,,70.80,0.00,0
2026-08-28,19448,C-09047,email,SPRING15,36.64,2.73,0
2026-08-28,19449,C-09070,organic,,60.86,0.00,0
2026-08-28,19450,C-09013,paid_search,THANKYOU5,66.15,24.79,0
2026-08-28,19451,C-01509,email,,91.09,0.00,0
2026-08-28,19452,C-03538,paid_search,,97.07,0.00,0
2026-08-28,19453,C-09006,paid_search,SPRING15,77.13,18.06,0
2026-08-28,19454,C-07091,email,,78.72,0.00,0
2026-08-28,19456,C-09022,paid_search,SPRING15,44.65,15.29,0
2026-08-28,19457,C-07210,email,,49.43,0.00,0
2026-08-28,19460,C-09055,email,,43.59,0.00,0
2026-08-28,19461,C-09014,paid_search,,60.44,0.00,0
2026-08-28,19462,C-09071,organic,,65.05,0.00,0
2026-08-28,19463,C-09016,paid_search,WELCOME10,73.34,19.82,0
2026-08-28,19464,C-01937,email,,73.91,0.00,0
2026-08-28,19465,C-05044,email,,77.95,0.00,0
2026-08-28,19466,C-00211,organic,,103.41,0.00,0
2026-08-28,19467,C-03454,email,,75.49,0.00,0
2026-08-28,19470,C-09065,organic,WELCOME10,44.16,6.89,0
2026-08-28,19472,C-09030,paid_search,THANKYOU5,60.71,23.35,1
2026-08-28,19473,C-09060,email,,46.01,0.00,0
2026-08-28,19474,C-09054,email,,50.75,0.00,0
2026-08-28,19476,C-09053,email,,64.23,0.00,0
2026-08-28,19477,C-05402,paid_search,,73.20,0.00,0
2026-08-28,19478,C-06999,paid_search,,63.59,0.00,0
2026-08-28,19479,C-06974,email,,89.12,0.00,0
2026-08-28,19480,C-09029,paid_search,SAVE20,52.05,11.71,1
2026-08-28,19483,C-09036,marketplace,,72.82,0.00,0
2026-08-28,19484,C-04660,marketplace,,85.74,0.00,0
2026-08-28,19485,C-09032,marketplace,,46.85,0.00,0
2026-08-28,19486,C-09010,paid_search,SPRING15,63.09,13.96,1
2026-08-28,19487,C-01513,email,,58.01,0.00,0
2026-08-28,19488,C-09058,email,,59.35,0.00,0
2026-08-28,19491,C-04641,marketplace,,61.86,0.00,0
2026-08-28,19492,C-09027,paid_search,,86.23,0.00,1
2026-08-28,19495,C-09068,organic,,57.02,0.00,1
2026-08-28,19497,C-09026,paid_search,THANKYOU5,71.33,23.30,1
2026-08-28,19498,C-09040,marketplace,,79.69,0.00,0
2026-08-28,19499,C-04289,email,,72.66,0.00,0
2026-08-28,19500,C-09046,marketplace,,59.02,0.00,0
2026-08-28,19503,C-00861,email,,105.71,0.00,0
2026-08-28,19504,C-09017,paid_search,WELCOME10,72.14,18.09,0
2026-08-28,19505,C-09039,marketplace,SAVE20,38.21,9.52,0
2026-08-28,19508,C-09024,paid_search,SAVE20,41.77,16.45,0
2026-08-28,19511,C-06433,marketplace,,81.51,0.00,0
2026-08-28,19512,C-05588,email,,57.43,0.00,0
2026-08-28,19514,C-09031,paid_search,WELCOME10,47.59,13.15,1
2026-08-28,19515,C-02031,marketplace,WELCOME10,47.95,3.50,1
2026-08-28,19516,C-07033,paid_search,,53.27,0.00,0
2026-08-28,19517,C-09061,email,,55.45,0.00,0
2026-08-28,19520,C-09025,paid_search,WELCOME10,54.87,19.13,1
2026-08-28,19521,C-03579,marketplace,,47.60,0.00,0
2026-08-28,19522,C-03500,email,,94.67,0.00,0
2026-08-28,19523,C-09035,marketplace,,67.35,0.00,0
2026-08-28,19524,C-09072,organic,,74.75,0.00,0
2026-08-28,19525,C-09073,organic,WELCOME10,45.18,7.14,0
2026-08-28,19526,C-09048,email,WELCOME10,45.02,6.07,0
2026-08-28,19527,C-07582,email,,94.46,0.00,0
2026-08-28,19530,C-09041,marketplace,,72.50,0.00,0
2026-08-28,19531,C-09033,marketplace,,78.00,0.00,0
2026-08-28,19532,C-09038,marketplace,SAVE20,37.87,6.00,0
2026-08-28,19535,C-09066,organic,SAVE20,35.22,6.05,0
2026-08-28,19538,C-03805,email,,45.39,0.00,0
2026-08-28,19539,C-03372,marketplace,,70.69,0.00,0
2026-08-28,19540,C-06455,email,,83.27,0.00,0
2026-08-28,19541,C-06592,paid_search,,69.38,0.00,0
2026-08-28,19542,C-05169,paid_search,,60.60,0.00,0
2026-08-28,19543,C-06004,paid_search,,56.74,0.00,0
2026-08-29,19544,C-07476,paid_search,,59.51,0.00,0
2026-08-29,19545,C-09091,paid_search,WELCOME10,70.51,19.12,0
2026-08-29,19547,C-09112,email,,69.44,0.00,0
2026-08-29,19550,C-09121,organic,,77.79,0.00,0
2026-08-29,19552,C-05367,marketplace,,53.15,0.00,0
2026-08-29,19553,C-07024,email,,96.09,0.00,0
2026-08-29,19554,C-00059,paid_search,,64.79,0.00,0
2026-08-29,19555,C-09076,paid_search,WELCOME10,53.89,20.67,1
2026-08-29,19556,C-09098,marketplace,THANKYOU5,38.33,5.67,0
2026-08-29,19558,C-05091,marketplace,,47.22,0.00,0
2026-08-29,19560,C-07031,organic,,88.67,0.00,0
2026-08-29,19561,C-09125,organic,,54.14,0.00,0
2026-08-29,19564,C-07279,email,THANKYOU5,54.20,8.47,0
2026-08-29,19565,C-09101,marketplace,,50.30,0.00,0
2026-08-29,19568,C-09117,email,,40.79,0.00,0
2026-08-29,19569,C-09119,organic,,58.99,0.00,0
2026-08-29,19572,C-02370,marketplace,,49.42,0.00,0
2026-08-29,19573,C-09094,paid_search,SAVE20,64.35,20.37,0
2026-08-29,19576,C-09099,marketplace,,73.11,0.00,0
2026-08-29,19579,C-09102,marketplace,,79.11,0.00,0
2026-08-29,19580,C-09080,paid_search,WELCOME10,69.16,23.93,0
2026-08-29,19581,C-09120,organic,,54.66,0.00,0
2026-08-29,19583,C-09107,email,,60.21,0.00,0
2026-08-29,19584,C-05973,email,,69.07,0.00,0
2026-08-29,19585,C-04009,email,,59.01,0.00,0
2026-08-29,19586,C-02675,paid_search,,73.76,0.00,0
2026-08-29,19587,C-09082,paid_search,THANKYOU5,49.95,15.56,1
2026-08-29,19588,C-09103,marketplace,SAVE20,48.81,9.38,0
2026-08-29,19589,C-09114,email,,39.87,0.00,0
2026-08-29,19590,C-09081,paid_search,,85.91,0.00,0
2026-08-29,19591,C-01362,paid_search,SAVE20,56.57,3.05,1
2026-08-29,19592,C-02911,email,,89.52,0.00,0
2026-08-29,19593,C-06898,marketplace,,57.05,0.00,0
2026-08-29,19595,C-06856,marketplace,,75.47,0.00,0
2026-08-29,19598,C-06316,email,WELCOME10,60.38,9.40,0
2026-08-29,19599,C-02566,email,,71.98,0.00,0
2026-08-29,19600,C-07371,paid_search,,49.92,0.00,0
2026-08-29,19601,C-09090,paid_search,SPRING15,64.95,23.53,1
2026-08-29,19603,C-09115,email,,47.57,0.00,0
2026-08-29,19605,C-09084,paid_search,THANKYOU5,57.27,12.84,0
2026-08-29,19606,C-09105,marketplace,SPRING15,44.28,5.30,0
2026-08-29,19607,C-00452,email,,63.99,0.00,0
2026-08-29,19608,C-09097,marketplace,WELCOME10,61.68,11.00,0
2026-08-29,19610,C-09123,organic,,66.35,0.00,1
2026-08-29,19613,C-09087,paid_search,,81.57,0.00,1
2026-08-29,19614,C-05971,marketplace,,56.18,0.00,0
2026-08-29,19615,C-09092,paid_search,WELCOME10,55.21,16.99,0
2026-08-29,19616,C-09122,organic,,59.30,0.00,0
2026-08-29,19617,C-03221,email,,75.31,0.00,0
2026-08-29,19618,C-09109,email,,63.82,0.00,0
2026-08-29,19621,C-09104,marketplace,,80.36,0.00,0
2026-08-29,19622,C-09093,paid_search,SAVE20,71.88,23.56,0
2026-08-29,19624,C-00245,marketplace,,46.22,0.00,1
2026-08-29,19625,C-09086,paid_search,SPRING15,59.92,23.17,0
2026-08-29,19626,C-08029,paid_search,THANKYOU5,67.54,7.89,1
2026-08-29,19627,C-03622,paid_search,,57.33,0.00,1
2026-08-29,19629,C-04188,email,,80.01,0.00,0
2026-08-29,19630,C-09111,email,,46.45,0.00,0
2026-08-29,19633,C-09088,paid_search,SAVE20,64.49,26.52,0
2026-08-29,19634,C-09079,paid_search,WELCOME10,65.19,22.15,0
2026-08-29,19637,C-09110,email,,48.07,0.00,0
2026-08-29,19638,C-09100,marketplace,,46.97,0.00,0
2026-08-29,19641,C-09118,email,SAVE20,66.13,5.42,0
2026-08-29,19644,C-09124,organic,,69.20,0.00,0
2026-08-29,19647,C-06619,organic,,94.30,0.00,0
2026-08-29,19648,C-03806,email,,76.71,0.00,0
2026-08-29,19649,C-02727,email,,51.05,0.00,0
2026-08-29,19650,C-06909,marketplace,,47.35,0.00,0
2026-08-29,19651,C-03404,organic,,49.43,0.00,0
2026-08-29,19652,C-06658,marketplace,,63.31,0.00,0
2026-08-29,19654,C-09089,paid_search,THANKYOU5,66.67,19.01,0
2026-08-29,19655,C-09116,email,WELCOME10,60.62,3.20,0
2026-08-29,19656,C-09075,paid_search,,79.20,0.00,0
2026-08-29,19659,C-07433,marketplace,,81.53,0.00,0
2026-08-29,19660,C-01994,organic,,61.30,0.00,1
2026-08-29,19661,C-09078,paid_search,,90.98,0.00,0
2026-08-29,19662,C-09077,paid_search,SPRING15,60.83,15.37,0
2026-08-29,19665,C-09096,marketplace,THANKYOU5,52.75,13.18,0
2026-08-29,19666,C-03949,email,,75.32,0.00,0
2026-08-29,19667,C-06666,email,WELCOME10,49.40,7.11,0
2026-08-29,19668,C-01291,email,,54.31,0.00,0
2026-08-29,19669,C-09106,email,,62.79,0.00,0
2026-08-29,19671,C-05619,paid_search,,69.32,0.00,0
2026-08-29,19672,C-08343,marketplace,,64.90,0.00,0
2026-08-29,19675,C-09085,paid_search,THANKYOU5,59.10,17.21,0
2026-08-29,19676,C-04644,email,,78.72,0.00,0
2026-08-29,19679,C-09083,paid_search,THANKYOU5,42.69,15.35,0
2026-08-29,19680,C-09113,email,,46.93,0.00,0
2026-08-29,19681,C-07061,email,,65.78,0.00,0
2026-08-29,19682,C-06734,email,,97.61,0.00,0
2026-08-29,19683,C-09074,paid_search,THANKYOU5,43.52,13.10,0
2026-08-29,19686,C-06315,paid_search,,81.00,0.00,1
2026-08-29,19687,C-04058,marketplace,,62.65,0.00,0
2026-08-29,19690,C-09108,email,,61.33,0.00,0
2026-08-29,19691,C-09095,paid_search,,82.52,0.00,0
2026-08-30,19694,C-05096,email,,88.29,0.00,0
2026-08-30,19695,C-09177,organic,,43.57,0.00,0
2026-08-30,19696,C-09163,email,SAVE20,63.37,9.15,0
2026-08-30,19699,C-09136,paid_search,SAVE20,43.26,17.86,0
2026-08-30,19700,C-09142,paid_search,WELCOME10,54.42,16.06,0
2026-08-30,19701,C-02050,email,,78.93,0.00,0
2026-08-30,19703,C-06178,paid_search,,76.34,0.00,1
2026-08-30,19704,C-09160,marketplace,,69.44,0.00,0
2026-08-30,19706,C-09149,marketplace,THANKYOU5,34.81,7.60,0
2026-08-30,19708,C-06786,marketplace,,53.20,0.00,0
2026-08-30,19709,C-09143,paid_search,SAVE20,45.82,13.96,0
2026-08-30,19710,C-09129,paid_search,,86.07,0.00,0
2026-08-30,19711,C-09157,marketplace,,48.42,0.00,1
2026-08-30,19712,C-09152,marketplace,THANKYOU5,47.13,7.33,0
2026-08-30,19715,C-09176,organic,,37.67,0.00,0
2026-08-30,19716,C-09127,paid_search,SAVE20,72.40,21.03,0
2026-08-30,19717,C-05058,paid_search,,55.75,0.00,1
2026-08-30,19718,C-06576,paid_search,,79.86,0.00,0
2026-08-30,19719,C-09179,organic,THANKYOU5,59.20,6.59,0
2026-08-30,19720,C-09148,marketplace,,56.99,0.00,0
2026-08-30,19721,C-06072,paid_search,,65.54,0.00,1
2026-08-30,19722,C-09139,paid_search,THANKYOU5,44.40,14.77,0
2026-08-30,19723,C-00566,marketplace,,63.91,0.00,0
2026-08-30,19724,C-09171,email,SAVE20,61.83,3.43,0
2026-08-30,19725,C-09155,marketplace,,54.67,0.00,0
2026-08-30,19726,C-00092,email,,59.14,0.00,0
2026-08-30,19727,C-05849,email,,73.81,0.00,0
2026-08-30,19729,C-09134,paid_search,WELCOME10,44.26,14.37,0
2026-08-30,19730,C-09153,marketplace,,59.14,0.00,1
2026-08-30,19731,C-09138,paid_search,THANKYOU5,57.32,18.97,0
2026-08-30,19732,C-09161,marketplace,,69.53,0.00,0
2026-08-30,19735,C-09135,paid_search,,78.15,0.00,1
2026-08-30,19737,C-09146,paid_search,SAVE20,71.58,20.14,0
2026-08-30,19738,C-01997,email,SAVE20,47.89,7.54,0
2026-08-30,19739,C-02039,organic,,74.37,0.00,1
2026-08-30,19742,C-09145,paid_search,SAVE20,65.30,19.56,0
2026-08-30,19743,C-09174,organic,SAVE20,40.97,2.69,0
2026-08-30,19745,C-09130,paid_search,,65.24,0.00,0
2026-08-30,19748,C-09151,marketplace,,49.89,0.00,0
2026-08-30,19749,C-09133,paid_search,SPRING15,45.15,10.90,0
2026-08-30,19750,C-09172,email,,49.08,0.00,0
2026-08-30,19751,C-01389,organic,,64.48,0.00,0
2026-08-30,19753,C-09170,email,,57.97,0.00,0
2026-08-30,19754,C-09166,email,,42.99,0.00,0
2026-08-30,19755,C-07749,marketplace,,43.70,0.00,0
2026-08-30,19756,C-09168,email,,72.01,0.00,0
2026-08-30,19757,C-09128,paid_search,SAVE20,58.60,18.59,0
2026-08-30,19758,C-07497,marketplace,,77.07,0.00,0
2026-08-30,19759,C-09167,email,,66.71,0.00,0
2026-08-30,19760,C-03690,marketplace,,76.97,0.00,0
2026-08-30,19763,C-09162,marketplace,,55.74,0.00,0
2026-08-30,19764,C-09144,paid_search,WELCOME10,60.80,17.45,1
2026-08-30,19765,C-07572,marketplace,,55.05,0.00,0
2026-08-30,19766,C-09156,marketplace,WELCOME10,65.59,9.89,0
2026-08-30,19767,C-02139,organic,SPRING15,52.14,8.50,0
2026-08-30,19768,C-00565,marketplace,THANKYOU5,61.70,6.69,0
2026-08-30,19770,C-09178,organic,,64.06,0.00,0
2026-08-30,19771,C-09165,email,,54.33,0.00,0
2026-08-30,19772,C-00642,organic,,56.92,0.00,0
2026-08-30,19774,C-01167,marketplace,,44.70,0.00,0
2026-08-30,19775,C-03159,marketplace,WELCOME10,50.19,7.89,0
2026-08-30,19778,C-01009,marketplace,,38.82,0.00,0
2026-08-30,19779,C-01141,paid_search,,83.08,0.00,0
2026-08-30,19780,C-09175,organic,,76.64,0.00,0
2026-08-30,19781,C-09126,paid_search,SAVE20,68.51,20.57,0
2026-08-30,19784,C-09173,organic,WELCOME10,53.46,4.29,0
2026-08-30,19785,C-09169,email,,59.11,0.00,0
2026-08-30,19786,C-06088,marketplace,,48.26,0.00,0
2026-08-30,19789,C-09132,paid_search,SPRING15,64.15,14.98,0
2026-08-30,19791,C-09164,email,,54.87,0.00,0
2026-08-30,19792,C-02812,email,,91.37,0.00,0
2026-08-30,19794,C-05419,email,THANKYOU5,61.77,8.24,0
2026-08-30,19795,C-07163,email,SPRING15,75.01,12.32,0
2026-08-30,19798,C-04693,email,,87.81,0.00,0
2026-08-30,19799,C-04493,organic,,67.02,0.00,0
2026-08-30,19801,C-01338,marketplace,SAVE20,69.29,7.35,0
2026-08-30,19803,C-04771,email,THANKYOU5,50.82,6.76,0
2026-08-30,19804,C-03464,email,SPRING15,68.95,4.92,0
2026-08-30,19805,C-09141,paid_search,WELCOME10,45.40,19.04,0
2026-08-30,19807,C-09140,paid_search,SAVE20,55.23,18.01,0
2026-08-30,19810,C-09154,marketplace,,50.31,0.00,0
2026-08-30,19813,C-09137,paid_search,WELCOME10,53.22,18.88,0
2026-08-30,19814,C-09131,paid_search,WELCOME10,54.66,13.80,0
2026-08-30,19815,C-05470,email,SAVE20,66.29,11.56,0
2026-08-30,19818,C-09150,marketplace,,64.42,0.00,0
2026-08-30,19820,C-05794,email,,51.10,0.00,0
2026-08-30,19821,C-03342,organic,,48.76,0.00,0
2026-08-30,19824,C-09158,marketplace,THANKYOU5,45.76,6.19,0
2026-08-30,19825,C-03962,email,,89.00,0.00,0
2026-08-30,19826,C-07767,email,,87.54,0.00,0
2026-08-30,19827,C-09147,paid_search,SPRING15,47.90,14.63,0
2026-08-30,19828,C-09159,marketplace,SAVE20,60.33,12.49,0
2026-08-30,19829,C-06931,email,,70.26,0.00,0
2026-08-30,19830,C-03002,email,,63.31,0.00,0
2026-08-31,19831,C-09222,marketplace,,48.79,0.00,0
2026-08-31,19832,C-07432,marketplace,,56.42,0.00,0
2026-08-31,19833,C-09207,marketplace,,71.71,0.00,0
2026-08-31,19836,C-09213,marketplace,WELCOME10,52.34,10.36,1
2026-08-31,19837,C-04553,marketplace,SPRING15,60.34,5.97,0
2026-08-31,19838,C-09211,marketplace,WELCOME10,58.24,11.84,1
2026-08-31,19839,C-09235,email,,67.11,0.00,0
2026-08-31,19841,C-09225,email,,55.18,0.00,0
2026-08-31,19844,C-09197,paid_search,,63.02,0.00,0
2026-08-31,19845,C-06982,email,,64.37,0.00,0
2026-08-31,19846,C-09194,paid_search,SPRING15,64.76,18.66,0
2026-08-31,19849,C-07021,email,THANKYOU5,39.75,5.97,0
2026-08-31,19850,C-09182,paid_search,SAVE20,72.50,18.50,0
2026-08-31,19852,C-09247,organic,,49.13,0.00,0
2026-08-31,19853,C-05203,paid_search,,70.17,0.00,0
2026-08-31,19854,C-04818,organic,,57.42,0.00,0
2026-08-31,19857,C-03740,marketplace,,44.56,0.00,0
2026-08-31,19859,C-04927,marketplace,,79.64,0.00,0
2026-08-31,19860,C-09183,paid_search,,82.69,0.00,0
2026-08-31,19861,C-04283,organic,,90.30,0.00,1
2026-08-31,19864,C-03993,marketplace,,66.28,0.00,0
2026-08-31,19865,C-09206,marketplace,,43.40,0.00,0
2026-08-31,19866,C-02203,marketplace,,65.77,0.00,0
2026-08-31,19867,C-09219,marketplace,,47.63,0.00,0
2026-08-31,19868,C-09208,marketplace,,47.03,0.00,0
2026-08-31,19869,C-09238,email,SAVE20,52.50,7.05,0
2026-08-31,19870,C-09180,paid_search,WELCOME10,60.16,24.92,1
2026-08-31,19873,C-09217,marketplace,,69.94,0.00,0
2026-08-31,19876,C-09204,marketplace,WELCOME10,65.87,14.56,0
2026-08-31,19877,C-05790,marketplace,SAVE20,60.87,6.31,0
2026-08-31,19880,C-09193,paid_search,SPRING15,58.18,19.16,0
2026-08-31,19882,C-09190,paid_search,SAVE20,62.66,18.75,0
2026-08-31,19885,C-09188,paid_search,WELCOME10,47.95,12.10,1
2026-08-31,19888,C-09221,marketplace,,59.42,0.00,0
2026-08-31,19891,C-09233,email,WELCOME10,64.50,5.97,0
2026-08-31,19893,C-09243,organic,,47.46,0.00,0
2026-08-31,19894,C-09229,email,,73.09,0.00,0
2026-08-31,19897,C-04549,marketplace,,50.48,0.00,0
2026-08-31,19898,C-09239,organic,,49.32,0.00,0
2026-08-31,19901,C-09200,paid_search,WELCOME10,67.55,17.70,1
2026-08-31,19904,C-09212,marketplace,THANKYOU5,57.71,13.01,1
2026-08-31,19907,C-09186,paid_search,,63.04,0.00,0
2026-08-31,19908,C-03026,email,,55.50,0.00,0
2026-08-31,19911,C-09232,email,THANKYOU5,44.69,5.60,0
2026-08-31,19914,C-09199,paid_search,SPRING15,71.08,24.04,0
2026-08-31,19915,C-05898,marketplace,,74.86,0.00,0
2026-08-31,19918,C-07495,email,,48.92,0.00,0
2026-08-31,19919,C-03566,paid_search,,65.36,0.00,0
2026-08-31,19920,C-09244,organic,,54.91,0.00,0
2026-08-31,19921,C-09218,marketplace,,57.68,0.00,0
2026-08-31,19922,C-03961,paid_search,,62.72,0.00,0
2026-08-31,19923,C-09246,organic,SAVE20,50.58,5.26,0
2026-08-31,19924,C-09181,paid_search,THANKYOU5,50.69,11.70,1
2026-08-31,19925,C-09240,organic,,69.98,0.00,0
2026-08-31,19926,C-01178,marketplace,,53.50,0.00,0
2026-08-31,19927,C-09196,paid_search,WELCOME10,45.67,13.31,1
2026-08-31,19928,C-09191,paid_search,SPRING15,62.95,23.61,0
2026-08-31,19929,C-09189,paid_search,SAVE20,45.64,11.20,1
2026-08-31,19930,C-06347,marketplace,WELCOME10,56.15,9.57,0
2026-08-31,19932,C-03597,marketplace,SPRING15,88.56,8.05,0
2026-08-31,19933,C-09210,marketplace,SPRING15,42.86,8.77,0
2026-08-31,19936,C-09228,email,,44.99,0.00,0
2026-08-31,19938,C-09192,paid_search,WELCOME10,48.10,15.06,0
2026-08-31,19941,C-05080,marketplace,,52.05,0.00,0
2026-08-31,19942,C-09234,email,,55.88,0.00,0
2026-08-31,19943,C-09195,paid_search,,57.61,0.00,0
2026-08-31,19944,C-00965,email,,50.01,0.00,0
2026-08-31,19946,C-09241,organic,,66.13,0.00,0
2026-08-31,19948,C-09227,email,,59.62,0.00,0
2026-08-31,19951,C-09202,paid_search,SPRING15,48.29,15.64,0
2026-08-31,19952,C-07714,organic,,66.28,0.00,0
2026-08-31,19955,C-01620,organic,,49.58,0.00,0
2026-08-31,19957,C-09230,email,,52.59,0.00,0
2026-08-31,19960,C-09205,marketplace,SAVE20,62.47,7.00,0
2026-08-31,19961,C-09187,paid_search,SPRING15,55.13,13.43,0
2026-08-31,19963,C-06694,paid_search,,57.46,0.00,0
2026-08-31,19966,C-04956,email,THANKYOU5,45.54,7.64,0
2026-08-31,19968,C-07184,paid_search,,54.66,0.00,0
2026-08-31,19970,C-04304,paid_search,,68.64,0.00,1
2026-08-31,19971,C-09209,marketplace,,65.92,0.00,0
2026-08-31,19972,C-09237,email,,72.42,0.00,0
2026-08-31,19973,C-02785,paid_search,,58.91,0.00,0
2026-08-31,19974,C-00625,marketplace,,51.20,0.00,0
2026-08-31,19977,C-09185,paid_search,SAVE20,69.58,16.13,0
2026-08-31,19980,C-09216,marketplace,,76.31,0.00,0
2026-08-31,19982,C-09245,organic,,41.03,0.00,0
2026-08-31,19983,C-09201,paid_search,SPRING15,63.39,19.16,0
2026-08-31,19984,C-09214,marketplace,SPRING15,40.64,4.89,0
2026-08-31,19985,C-09198,paid_search,THANKYOU5,47.07,15.13,1
2026-08-31,19988,C-06607,marketplace,SPRING15,56.21,2.99,1
2026-08-31,19989,C-09220,marketplace,,62.69,0.00,1
2026-08-31,19990,C-09226,email,,73.55,0.00,0
2026-08-31,19991,C-09223,marketplace,,66.33,0.00,0
2026-08-31,19994,C-06096,paid_search,,86.45,0.00,1
2026-08-31,19995,C-09224,email,,62.12,0.00,0
2026-08-31,19998,C-09203,paid_search,THANKYOU5,71.90,21.30,1
2026-08-31,19999,C-09236,email,,47.69,0.00,0
2026-08-31,20000,C-06504,organic,,78.58,0.00,1
2026-08-31,20001,C-09215,marketplace,,67.60,0.00,0
2026-08-31,20002,C-07356,email,,98.82,0.00,0
2026-08-31,20003,C-03437,marketplace,,59.31,0.00,0
2026-08-31,20004,C-03219,email,,61.34,0.00,0
2026-08-31,20005,C-09184,paid_search,SAVE20,53.08,12.76,0
2026-08-31,20008,C-09242,organic,,51.91,0.00,0
2026-08-31,20009,C-09231,email,SAVE20,39.13,6.04,0
2026-08-31,20012,C-02910,email,,71.71,0.00,0
2026-08-31,20014,C-02616,email,,58.77,0.00,1
2026-09-01,20017,C-09273,paid_search,,87.06,0.00,0
2026-09-01,20018,C-09288,marketplace,,65.55,0.00,0
2026-09-01,20019,C-05371,email,SPRING15,86.89,7.49,0
2026-09-01,20022,C-09264,paid_search,WELCOME10,68.40,25.69,0
2026-09-01,20023,C-03804,email,SAVE20,61.40,7.27,0
2026-09-01,20024,C-01615,paid_search,THANKYOU5,51.20,5.40,0
2026-09-01,20025,C-02979,organic,,54.00,0.00,0
2026-09-01,20028,C-09307,email,,67.93,0.00,0
2026-09-01,20030,C-09266,paid_search,SPRING15,51.71,16.35,1
2026-09-01,20031,C-05870,paid_search,SPRING15,39.43,6.32,0
2026-09-01,20034,C-09275,paid_search,,69.99,0.00,0
2026-09-01,20035,C-03908,organic,THANKYOU5,52.87,4.77,0
2026-09-01,20037,C-07552,paid_search,THANKYOU5,43.12,5.75,0
2026-09-01,20038,C-09300,email,,63.96,0.00,0
2026-09-01,20040,C-09270,paid_search,WELCOME10,76.35,17.55,0
2026-09-01,20041,C-09274,paid_search,,82.55,0.00,1
2026-09-01,20043,C-04650,marketplace,,60.03,0.00,0
2026-09-01,20044,C-06872,email,,79.51,0.00,0
2026-09-01,20046,C-09302,email,,39.89,0.00,1
2026-09-01,20047,C-09268,paid_search,THANKYOU5,53.23,12.01,1
2026-09-01,20048,C-04879,email,,99.51,0.00,1
2026-09-01,20051,C-09319,organic,,59.99,0.00,0
2026-09-01,20052,C-05538,organic,,99.44,0.00,0
2026-09-01,20054,C-01551,email,,45.02,0.00,1
2026-09-01,20055,C-09286,marketplace,,69.46,0.00,0
2026-09-01,20058,C-09259,paid_search,WELCOME10,61.17,23.87,0
2026-09-01,20060,C-09287,marketplace,,50.84,0.00,0
2026-09-01,20061,C-09282,marketplace,SAVE20,50.67,7.44,1
2026-09-01,20062,C-00863,email,,47.12,0.00,0
2026-09-01,20063,C-09293,marketplace,SPRING15,71.30,9.03,0
2026-09-01,20064,C-09310,email,,50.85,0.00,1
2026-09-01,20067,C-08227,paid_search,,80.62,0.00,0
2026-09-01,20070,C-09281,marketplace,,76.39,0.00,0
2026-09-01,20071,C-09296,marketplace,,74.99,0.00,0
2026-09-01,20072,C-09297,email,,48.49,0.00,0
2026-09-01,20073,C-09311,email,,70.00,0.00,0
2026-09-01,20074,C-00090,email,,86.43,0.00,0
2026-09-01,20076,C-09309,email,,65.58,0.00,0
2026-09-01,20077,C-04326,email,,49.34,0.00,0
2026-09-01,20080,C-09250,paid_search,WELCOME10,55.06,20.02,1
2026-09-01,20081,C-09253,paid_search,WELCOME10,45.57,12.92,1
2026-09-01,20083,C-02768,marketplace,,45.69,0.00,0
2026-09-01,20084,C-09271,paid_search,THANKYOU5,65.84,20.28,0
2026-09-01,20085,C-09315,organic,,73.19,0.00,0
2026-09-01,20086,C-09295,marketplace,,65.13,0.00,0
2026-09-01,20087,C-09299,email,,41.60,0.00,0
2026-09-01,20088,C-09320,organic,THANKYOU5,50.71,8.23,0
2026-09-01,20091,C-09276,paid_search,SPRING15,41.84,14.93,0
2026-09-01,20094,C-09314,organic,,63.12,0.00,0
2026-09-01,20096,C-09308,email,,44.73,0.00,0
2026-09-01,20097,C-09248,paid_search,THANKYOU5,43.96,12.43,1
2026-09-01,20099,C-09272,paid_search,THANKYOU5,72.30,22.43,0
2026-09-01,20100,C-06350,paid_search,,60.91,0.00,0
2026-09-01,20101,C-09258,paid_search,WELCOME10,46.59,19.59,1
2026-09-01,20104,C-09265,paid_search,,84.88,0.00,0
2026-09-01,20106,C-07955,marketplace,,50.61,0.00,1
2026-09-01,20108,C-06798,email,,65.67,0.00,0
2026-09-01,20111,C-09313,email,,66.53,0.00,1
2026-09-01,20114,C-07706,marketplace,,73.20,0.00,0
2026-09-01,20115,C-09277,marketplace,,48.06,0.00,1
2026-09-01,20117,C-09317,organic,,65.34,0.00,1
2026-09-01,20118,C-04586,email,,51.63,0.00,0
2026-09-01,20120,C-09283,marketplace,,43.78,0.00,0
2026-09-01,20121,C-09289,marketplace,WELCOME10,56.89,8.34,0
2026-09-01,20122,C-07381,marketplace,,78.97,0.00,1
2026-09-01,20123,C-09305,email,,50.23,0.00,0
2026-09-01,20124,C-09292,marketplace,,64.29,0.00,0
2026-09-01,20125,C-09312,email,,58.58,0.00,0
2026-09-01,20126,C-09284,marketplace,,55.13,0.00,0
2026-09-01,20127,C-09301,email,,43.87,0.00,0
2026-09-01,20128,C-09303,email,,47.17,0.00,0
2026-09-01,20129,C-09280,marketplace,,71.98,0.00,0
2026-09-01,20130,C-09269,paid_search,THANKYOU5,46.61,13.57,0
2026-09-01,20131,C-09249,paid_search,WELCOME10,51.00,20.41,1
2026-09-01,20133,C-09262,paid_search,WELCOME10,59.10,24.65,0
2026-09-01,20134,C-09304,email,SAVE20,62.33,5.70,0
2026-09-01,20135,C-06651,marketplace,,57.31,0.00,0
2026-09-01,20136,C-09252,paid_search,,68.32,0.00,1
2026-09-01,20137,C-09306,email,SPRING15,42.34,2.36,0
2026-09-01,20138,C-05496,paid_search,THANKYOU5,58.31,4.95,0
2026-09-01,20139,C-07112,email,,54.23,0.00,0
2026-09-01,20140,C-07410,organic,,42.26,0.00,0
2026-09-01,20141,C-09294,marketplace,,76.92,0.00,0
2026-09-01,20143,C-09251,paid_search,,72.26,0.00,0
2026-09-01,20146,C-09261,paid_search,SPRING15,48.85,11.40,0
2026-09-01,20148,C-09267,paid_search,SPRING15,45.22,10.86,0
2026-09-01,20149,C-09298,email,,44.69,0.00,0
2026-09-01,20152,C-07442,email,,83.12,0.00,0
2026-09-01,20153,C-09256,paid_search,,91.84,0.00,1
2026-09-01,20154,C-09290,marketplace,SPRING15,45.09,10.26,0
2026-09-01,20155,C-04005,email,WELCOME10,63.22,7.09,0
2026-09-01,20156,C-09318,organic,,38.31,0.00,0
2026-09-01,20157,C-07346,email,WELCOME10,94.33,5.52,0
2026-09-01,20158,C-09316,organic,,38.10,0.00,0
2026-09-01,20159,C-09254,paid_search,WELCOME10,56.55,19.38,1
2026-09-01,20160,C-02287,email,,56.25,0.00,1
2026-09-01,20161,C-09285,marketplace,,50.66,0.00,0
2026-09-01,20163,C-05698,email,,104.07,0.00,1
2026-09-01,20166,C-04284,marketplace,,95.15,0.00,0
2026-09-01,20167,C-09255,paid_search,,79.63,0.00,1
2026-09-01,20168,C-09278,marketplace,WELCOME10,35.37,6.97,1
2026-09-01,20169,C-01304,organic,SPRING15,72.79,6.25,0
2026-09-01,20170,C-09291,marketplace,,43.47,0.00,1
2026-09-01,20173,C-09257,paid_search,SAVE20,65.23,23.85,1
2026-09-01,20175,C-05879,paid_search,SPRING15,70.45,8.32,0
2026-09-01,20177,C-09260,paid_search,,89.67,0.00,0
2026-09-01,20178,C-09279,marketplace,,63.46,0.00,0
2026-09-01,20179,C-09263,paid_search,WELCOME10,48.10,18.80,0
2026-09-02,20180,C-09322,paid_search,,63.43,0.00,0
2026-09-02,20181,C-09353,marketplace,,51.72,0.00,0
2026-09-02,20182,C-02949,marketplace,,60.77,0.00,0
2026-09-02,20183,C-04080,paid_search,,64.86,0.00,0
2026-09-02,20184,C-09348,marketplace,THANKYOU5,45.50,7.19,0
2026-09-02,20185,C-07353,email,SPRING15,55.54,4.29,0
2026-09-02,20186,C-09351,marketplace,,67.67,0.00,0
2026-09-02,20188,C-09386,organic,,48.07,0.00,0
2026-09-02,20189,C-09331,paid_search,WELCOME10,64.52,17.01,0
2026-09-02,20191,C-09382,organic,SAVE20,48.28,7.81,0
2026-09-02,20192,C-09342,paid_search,WELCOME10,46.24,18.73,1
2026-09-02,20193,C-09360,marketplace,WELCOME10,61.55,6.87,0
2026-09-02,20196,C-01896,organic,,61.56,0.00,0
2026-09-02,20199,C-09338,paid_search,SPRING15,72.06,17.41,0
2026-09-02,20202,C-09334,paid_search,SAVE20,56.16,19.00,1
2026-09-02,20203,C-06016,marketplace,,73.70,0.00,0
2026-09-02,20204,C-02619,email,,53.26,0.00,0
2026-09-02,20205,C-06205,organic,SAVE20,56.85,4.05,0
2026-09-02,20206,C-09326,paid_search,WELCOME10,60.79,19.98,0
2026-09-02,20207,C-01181,email,,89.53,0.00,0
2026-09-02,20209,C-05695,marketplace,,47.23,0.00,0
2026-09-02,20210,C-09328,paid_search,SPRING15,63.57,14.60,1
2026-09-02,20211,C-09363,email,,68.31,0.00,0
2026-09-02,20214,C-09364,email,,40.56,0.00,0
2026-09-02,20217,C-09362,email,,64.61,0.00,0
2026-09-02,20218,C-09381,organic,SPRING15,64.86,6.15,0
2026-09-02,20220,C-07332,marketplace,SPRING15,80.79,5.21,0
2026-09-02,20221,C-09327,paid_search,SAVE20,41.62,14.70,1
2026-09-02,20224,C-00253,marketplace,SPRING15,39.71,3.00,0
2026-09-02,20225,C-09378,organic,SPRING15,70.03,5.24,0
2026-09-02,20226,C-09337,paid_search,SAVE20,75.78,19.57,0
2026-09-02,20228,C-09324,paid_search,THANKYOU5,52.73,18.02,1
2026-09-02,20231,C-09333,paid_search,THANKYOU5,53.28,14.95,0
2026-09-02,20232,C-09361,email,,42.26,0.00,0
2026-09-02,20233,C-09339,paid_search,WELCOME10,60.33,15.90,1
2026-09-02,20234,C-09380,organic,,42.67,0.00,0
2026-09-02,20235,C-06248,marketplace,,60.03,0.00,0
2026-09-02,20237,C-09384,organic,THANKYOU5,64.13,6.75,0
2026-09-02,20238,C-09341,paid_search,THANKYOU5,47.64,18.73,1
2026-09-02,20241,C-01298,email,,68.68,0.00,0
2026-09-02,20242,C-01707,email,,54.11,0.00,0
2026-09-02,20244,C-09376,email,,67.67,0.00,0
2026-09-02,20247,C-04769,email,,65.28,0.00,0
2026-09-02,20248,C-09383,organic,,47.61,0.00,0
2026-09-02,20249,C-04490,marketplace,,49.62,0.00,0
2026-09-02,20251,C-09354,marketplace,,59.49,0.00,1
2026-09-02,20253,C-09372,email,,51.79,0.00,1
2026-09-02,20254,C-09343,paid_search,,73.58,0.00,0
2026-09-02,20255,C-09344,paid_search,SPRING15,63.31,18.57,1
2026-09-02,20256,C-09369,email,,67.81,0.00,0
2026-09-02,20258,C-07285,organic,,61.56,0.00,0
2026-09-02,20259,C-07145,marketplace,,44.73,0.00,0
2026-09-02,20260,C-09368,email,,70.62,0.00,0
2026-09-02,20261,C-09350,marketplace,WELCOME10,45.29,10.48,0
2026-09-02,20262,C-09325,paid_search,WELCOME10,69.21,19.25,0
2026-09-02,20263,C-09370,email,,66.18,0.00,0
2026-09-02,20264,C-05832,marketplace,SAVE20,59.79,3.44,0
2026-09-02,20267,C-06448,email,,87.97,0.00,0
2026-09-02,20268,C-06342,paid_search,,50.37,0.00,0
2026-09-02,20269,C-09359,marketplace,,72.21,0.00,0
2026-09-02,20270,C-09335,paid_search,SPRING15,66.31,20.60,1
2026-09-02,20271,C-09321,paid_search,WELCOME10,56.86,17.67,0
2026-09-02,20272,C-09357,marketplace,THANKYOU5,49.53,6.17,0
2026-09-02,20273,C-09355,marketplace,,61.87,0.00,0
2026-09-02,20274,C-09349,marketplace,,66.61,0.00,0
2026-09-02,20276,C-09365,email,,47.45,0.00,0
2026-09-02,20278,C-03344,organic,,88.13,0.00,0
2026-09-02,20279,C-07782,organic,,77.33,0.00,0
2026-09-02,20280,C-09323,paid_search,SAVE20,57.06,16.55,0
2026-09-02,20283,C-09377,email,,38.95,0.00,0
2026-09-02,20284,C-09347,paid_search,,61.88,0.00,1
2026-09-02,20286,C-07516,email,,86.41,0.00,0
2026-09-02,20287,C-09340,paid_search,SPRING15,66.04,15.82,1
2026-09-02,20288,C-09332,paid_search,,81.02,0.00,0
2026-09-02,20289,C-00740,email,,64.46,0.00,0
2026-09-02,20290,C-06497,marketplace,,47.28,0.00,0
2026-09-02,20291,C-09358,marketplace,,46.79,0.00,0
2026-09-02,20292,C-01941,email,,97.67,0.00,0
2026-09-02,20293,C-02395,email,SAVE20,66.39,4.26,1
2026-09-02,20294,C-09336,paid_search,SAVE20,54.03,20.67,0
2026-09-02,20295,C-06613,organic,SAVE20,82.08,4.33,0
2026-09-02,20296,C-09379,organic,,69.50,0.00,0
2026-09-02,20298,C-03951,email,,108.31,0.00,0
2026-09-02,20299,C-09371,email,THANKYOU5,45.76,7.64,0
2026-09-02,20302,C-09330,paid_search,,83.66,0.00,0
2026-09-02,20303,C-09375,email,,62.15,0.00,0
2026-09-02,20304,C-09352,marketplace,SAVE20,65.72,11.92,0
2026-09-02,20305,C-09385,organic,SPRING15,56.81,9.70,0
2026-09-02,20307,C-05529,email,,79.06,0.00,0
2026-09-02,20308,C-09345,paid_search,SPRING15,47.42,19.84,0
2026-09-02,20309,C-09366,email,,59.22,0.00,0
2026-09-02,20310,C-07204,email,,67.29,0.00,0
2026-09-02,20311,C-09356,marketplace,,62.30,0.00,0
2026-09-02,20312,C-09329,paid_search,SPRING15,54.41,17.56,1
2026-09-02,20315,C-05001,email,,97.01,0.00,0
2026-09-02,20317,C-09374,email,,69.02,0.00,1
2026-09-02,20319,C-09346,paid_search,,85.29,0.00,0
2026-09-02,20320,C-09373,email,,69.79,0.00,0
2026-09-02,20323,C-09367,email,SAVE20,41.98,3.21,0
2026-09-03,20325,C-09389,paid_search,SPRING15,46.96,18.47,0
2026-09-03,20328,C-09438,email,,70.98,0.00,0
2026-09-03,20330,C-09396,paid_search,,89.29,0.00,0
2026-09-03,20331,C-09402,paid_search,WELCOME10,56.86,13.33,0
2026-09-03,20333,C-01625,organic,,92.32,0.00,0
2026-09-03,20334,C-09434,email,SPRING15,57.32,9.71,0
2026-09-03,20335,C-09416,marketplace,THANKYOU5,34.30,7.07,0
2026-09-03,20337,C-09422,marketplace,SAVE20,56.30,10.34,0
2026-09-03,20338,C-09397,paid_search,,80.21,0.00,0
2026-09-03,20339,C-09413,marketplace,,58.50,0.00,1
2026-09-03,20340,C-09406,paid_search,SPRING15,44.63,11.70,0
2026-09-03,20341,C-09391,paid_search,THANKYOU5,64.92,20.10,0
2026-09-03,20344,C-09436,email,,42.13,0.00,0
2026-09-03,20345,C-04387,email,,52.23,0.00,0
2026-09-03,20348,C-06877,organic,,64.35,0.00,0
2026-09-03,20349,C-09404,paid_search,SPRING15,46.30,14.98,0
2026-09-03,20350,C-00208,email,,94.16,0.00,0
2026-09-03,20351,C-06239,paid_search,,59.21,0.00,0
2026-09-03,20352,C-09441,organic,,56.91,0.00,0
2026-09-03,20355,C-09420,marketplace,,71.67,0.00,0
2026-09-03,20358,C-09411,marketplace,,72.36,0.00,0
2026-09-03,20359,C-09426,email,,41.28,0.00,0
2026-09-03,20360,C-09410,marketplace,,63.88,0.00,0
2026-09-03,20361,C-09427,email,,71.55,0.00,0
2026-09-03,20363,C-05895,marketplace,,63.98,0.00,0
2026-09-03,20365,C-07092,email,,71.31,0.00,0
2026-09-03,20368,C-02277,email,,79.95,0.00,0
2026-09-03,20371,C-09387,paid_search,THANKYOU5,44.07,13.87,0
2026-09-03,20374,C-02340,email,,88.27,0.00,0
2026-09-03,20375,C-05405,marketplace,,69.62,0.00,1
2026-09-03,20377,C-03018,email,,65.66,0.00,0
2026-09-03,20379,C-09405,paid_search,,73.42,0.00,0
2026-09-03,20381,C-05344,paid_search,,72.86,0.00,0
2026-09-03,20382,C-09433,email,SAVE20,59.97,9.04,0
2026-09-03,20385,C-04997,email,WELCOME10,73.66,7.20,0
2026-09-03,20386,C-09445,organic,,77.87,0.00,0
2026-09-03,20389,C-02102,marketplace,SPRING15,50.26,5.70,0
2026-09-03,20390,C-09415,marketplace,,76.84,0.00,1
2026-09-03,20391,C-09403,paid_search,SAVE20,70.56,15.77,0
2026-09-03,20392,C-09447,organic,,36.11,0.00,0
2026-09-03,20393,C-09399,paid_search,WELCOME10,67.28,16.13,0
2026-09-03,20394,C-01561,email,,86.85,0.00,0
2026-09-03,20395,C-09437,email,,61.94,0.00,0
2026-09-03,20397,C-09395,paid_search,WELCOME10,74.88,17.44,0
2026-09-03,20398,C-03852,email,,90.11,0.00,0
2026-09-03,20399,C-09428,email,,65.29,0.00,0
2026-09-03,20400,C-03688,marketplace,,79.89,0.00,0
2026-09-03,20401,C-09388,paid_search,SAVE20,58.41,17.03,0
2026-09-03,20402,C-07484,organic,,52.48,0.00,0
2026-09-03,20405,C-05455,email,,56.98,0.00,0
2026-09-03,20407,C-09390,paid_search,SAVE20,60.36,25.43,0
2026-09-03,20408,C-02689,marketplace,,65.88,0.00,0
2026-09-03,20409,C-03400,email,,101.75,0.00,0
2026-09-03,20410,C-07999,organic,,71.68,0.00,0
2026-09-03,20411,C-09432,email,THANKYOU5,49.43,4.66,0
2026-09-03,20412,C-09419,marketplace,,56.65,0.00,0
2026-09-03,20413,C-09393,paid_search,,73.19,0.00,0
2026-09-03,20414,C-03015,email,,57.00,0.00,0
2026-09-03,20415,C-06935,email,,102.65,0.00,0
2026-09-03,20416,C-09400,paid_search,SAVE20,72.23,17.56,0
2026-09-03,20417,C-09431,email,,58.48,0.00,0
2026-09-03,20418,C-07488,marketplace,,81.35,0.00,0
2026-09-03,20419,C-09430,email,,42.15,0.00,0
2026-09-03,20422,C-09442,organic,,76.89,0.00,0
2026-09-03,20423,C-05974,email,,62.90,0.00,0
2026-09-03,20424,C-04717,email,,99.47,0.00,0
2026-09-03,20425,C-01591,paid_search,,44.07,0.00,1
2026-09-03,20428,C-09407,paid_search,WELCOME10,62.01,25.38,0
2026-09-03,20429,C-09444,organic,,59.33,0.00,0
2026-09-03,20431,C-05894,email,,65.57,0.00,0
2026-09-03,20432,C-09398,paid_search,WELCOME10,41.82,16.20,0
2026-09-03,20433,C-02813,email,,63.17,0.00,0
2026-09-03,20435,C-09421,marketplace,SPRING15,58.73,8.38,0
2026-09-03,20436,C-00694,email,,100.11,0.00,1
2026-09-03,20437,C-09439,organic,,68.80,0.00,0
2026-09-03,20440,C-09418,marketplace,,53.19,0.00,0
2026-09-03,20441,C-09412,marketplace,,68.39,0.00,0
2026-09-03,20444,C-09409,marketplace,,45.20,0.00,0
2026-09-03,20446,C-09440,organic,,41.40,0.00,0
2026-09-03,20449,C-09424,marketplace,SAVE20,41.67,9.83,0
2026-09-03,20450,C-07449,paid_search,SAVE20,85.44,13.52,0
2026-09-03,20453,C-09446,organic,,40.63,0.00,0
2026-09-03,20454,C-09408,paid_search,SAVE20,65.36,24.22,0
2026-09-03,20455,C-01694,marketplace,,70.77,0.00,0
2026-09-03,20456,C-09443,organic,,49.56,0.00,0
2026-09-03,20457,C-09425,email,,56.05,0.00,0
2026-09-03,20458,C-05445,marketplace,,53.11,0.00,0
2026-09-03,20461,C-09401,paid_search,,62.22,0.00,1
2026-09-03,20464,C-09429,email,,40.48,0.00,0
2026-09-03,20465,C-09392,paid_search,SAVE20,61.81,26.11,1
2026-09-03,20466,C-09394,paid_search,SAVE20,67.06,21.10,0
2026-09-03,20467,C-07575,email,SPRING15,70.25,8.58,0
2026-09-03,20468,C-09435,email,WELCOME10,33.31,4.94,0
2026-09-03,20469,C-09423,marketplace,SAVE20,46.42,7.55,0
2026-09-03,20470,C-09417,marketplace,,46.91,0.00,0
2026-09-03,20471,C-06972,email,,89.26,0.00,0
2026-09-03,20473,C-09414,marketplace,,78.30,0.00,0
2026-09-03,20474,C-03594,email,,80.31,0.00,0
2026-09-04,20476,C-09496,email,,66.23,0.00,0
2026-09-04,20477,C-09492,email,,50.70,0.00,1
2026-09-04,20480,C-06320,email,SAVE20,42.79,5.11,0
2026-09-04,20482,C-09480,marketplace,,58.09,0.00,0
2026-09-04,20483,C-09500,email,,51.40,0.00,0
2026-09-04,20486,C-04400,email,,48.01,0.00,0
2026-09-04,20487,C-09488,marketplace,SPRING15,43.77,6.86,0
2026-09-04,20490,C-09468,paid_search,THANKYOU5,42.90,14.56,0
2026-09-04,20493,C-09452,paid_search,WELCOME10,54.31,15.30,1
2026-09-04,20494,C-07859,marketplace,,55.15,0.00,0
2026-09-04,20496,C-09473,marketplace,WELCOME10,40.24,9.88,0
2026-09-04,20497,C-09450,paid_search,,65.00,0.00,0
2026-09-04,20498,C-09454,paid_search,SPRING15,55.45,19.36,0
2026-09-04,20499,C-09509,organic,,78.46,0.00,0
2026-09-04,20500,C-09477,marketplace,WELCOME10,44.78,8.16,0
2026-09-04,20501,C-09455,paid_search,SAVE20,70.32,19.94,1
2026-09-04,20504,C-09512,organic,,68.36,0.00,0
2026-09-04,20505,C-05611,paid_search,,63.63,0.00,0
2026-09-04,20506,C-09462,paid_search,THANKYOU5,63.59,18.96,1
2026-09-04,20508,C-04136,paid_search,,99.04,0.00,0
2026-09-04,20509,C-09475,marketplace,SAVE20,48.76,8.07,0
2026-09-04,20511,C-03938,marketplace,,64.43,0.00,0
2026-09-04,20512,C-09516,organic,,69.78,0.00,0
2026-09-04,20513,C-05840,email,,90.37,0.00,0
2026-09-04,20514,C-09460,paid_search,SAVE20,47.86,11.75,0
2026-09-04,20515,C-09507,email,,54.59,0.00,0
2026-09-04,20516,C-09472,marketplace,,51.11,0.00,0
2026-09-04,20517,C-09490,email,,64.47,0.00,0
2026-09-04,20518,C-09494,email,,55.65,0.00,0
2026-09-04,20519,C-04604,marketplace,,59.32,0.00,1
2026-09-04,20522,C-04055,marketplace,,70.96,0.00,0
2026-09-04,20523,C-09451,paid_search,SAVE20,69.25,23.46,0
2026-09-04,20525,C-04142,organic,,47.10,0.00,1
2026-09-04,20526,C-09485,marketplace,,55.88,0.00,0
2026-09-04,20528,C-09497,email,,52.04,0.00,0
2026-09-04,20529,C-04447,email,WELCOME10,88.79,9.48,0
2026-09-04,20530,C-04882,email,,66.31,0.00,0
2026-09-04,20533,C-00913,email,,64.73,0.00,0
2026-09-04,20534,C-09504,email,,52.16,0.00,0
2026-09-04,20535,C-09457,paid_search,SAVE20,62.14,14.04,1
2026-09-04,20538,C-09517,organic,,73.42,0.00,0
2026-09-04,20539,C-09461,paid_search,,67.45,0.00,0
2026-09-04,20540,C-09471,marketplace,WELCOME10,35.43,5.73,0
2026-09-04,20541,C-09510,organic,,61.25,0.00,0
2026-09-04,20543,C-09449,paid_search,,94.45,0.00,0
2026-09-04,20544,C-09484,marketplace,THANKYOU5,48.11,6.56,0
2026-09-04,20545,C-09489,marketplace,,57.14,0.00,0
2026-09-04,20547,C-04897,paid_search,,61.35,0.00,0
2026-09-04,20548,C-09513,organic,THANKYOU5,72.57,6.43,0
2026-09-04,20549,C-09511,organic,SAVE20,41.13,6.23,1
2026-09-04,20550,C-07846,email,SPRING15,66.63,4.62,0
2026-09-04,20551,C-04825,organic,,77.50,0.00,1
2026-09-04,20552,C-05655,email,,65.91,0.00,0
2026-09-04,20553,C-09456,paid_search,,88.34,0.00,0
2026-09-04,20554,C-04270,organic,,73.91,0.00,0
2026-09-04,20555,C-00449,email,,93.29,0.00,0
2026-09-04,20556,C-03305,marketplace,,39.98,0.00,1
2026-09-04,20559,C-09482,marketplace,WELCOME10,43.93,8.53,0
2026-09-04,20560,C-02497,marketplace,,44.86,0.00,0
2026-09-04,20563,C-09499,email,,71.89,0.00,0
2026-09-04,20564,C-09493,email,,73.48,0.00,0
2026-09-04,20565,C-09459,paid_search,SAVE20,56.28,16.30,1
2026-09-04,20566,C-09483,marketplace,,42.31,0.00,0
2026-09-04,20569,C-09501,email,,46.88,0.00,0
2026-09-04,20570,C-03898,email,,51.90,0.00,0
2026-09-04,20571,C-09479,marketplace,,46.22,0.00,0
2026-09-04,20572,C-04240,email,,52.99,0.00,0
2026-09-04,20573,C-09498,email,,66.57,0.00,0
2026-09-04,20574,C-09506,email,,69.20,0.00,0
2026-09-04,20575,C-05157,organic,,46.23,0.00,1
2026-09-04,20578,C-09486,marketplace,,65.01,0.00,0
2026-09-04,20580,C-01988,marketplace,,52.36,0.00,0
2026-09-04,20581,C-09448,paid_search,SAVE20,54.73,21.60,0
2026-09-04,20583,C-04340,email,,92.99,0.00,0
2026-09-04,20584,C-07830,organic,,46.49,0.00,0
2026-09-04,20585,C-09487,marketplace,,77.72,0.00,0
2026-09-04,20588,C-07895,paid_search,,79.49,0.00,0
2026-09-04,20589,C-01991,email,,76.12,0.00,0
2026-09-04,20590,C-09514,organic,,73.35,0.00,0
2026-09-04,20591,C-09464,paid_search,SAVE20,58.07,13.95,0
2026-09-04,20593,C-09467,paid_search,THANKYOU5,46.71,10.81,1
2026-09-04,20594,C-00805,marketplace,,41.99,0.00,0
2026-09-04,20596,C-09458,paid_search,WELCOME10,52.65,16.79,0
2026-09-04,20597,C-09503,email,,65.08,0.00,0
2026-09-04,20600,C-09505,email,,50.79,0.00,0
2026-09-04,20603,C-01074,marketplace,SAVE20,59.75,8.93,1
2026-09-04,20604,C-03875,paid_search,,62.80,0.00,0
2026-09-04,20607,C-01659,email,,58.83,0.00,0
2026-09-04,20608,C-09466,paid_search,THANKYOU5,52.30,11.97,1
2026-09-04,20610,C-01826,marketplace,,86.29,0.00,0
2026-09-04,20611,C-07287,organic,,69.14,0.00,0
2026-09-04,20612,C-09495,email,,70.90,0.00,0
2026-09-04,20615,C-07519,marketplace,,83.82,0.00,0
2026-09-04,20616,C-05414,email,,80.32,0.00,0
2026-09-04,20617,C-07501,marketplace,,53.79,0.00,1
2026-09-04,20620,C-09508,organic,WELCOME10,42.94,5.44,0
2026-09-04,20622,C-07025,email,SAVE20,79.34,11.55,0
2026-09-04,20625,C-09463,paid_search,SAVE20,50.78,14.24,0
2026-09-04,20626,C-09470,marketplace,,72.01,0.00,0
2026-09-04,20629,C-09515,organic,,74.17,0.00,0
2026-09-04,20630,C-09476,marketplace,,50.49,0.00,0
2026-09-04,20631,C-06101,email,,91.09,0.00,0
2026-09-04,20632,C-09478,marketplace,,54.51,0.00,0
2026-09-04,20633,C-09465,paid_search,WELCOME10,41.04,16.89,0
2026-09-04,20634,C-09474,marketplace,,77.66,0.00,0
2026-09-04,20635,C-09502,email,SAVE20,46.65,7.97,0
2026-09-04,20637,C-01001,marketplace,,58.31,0.00,0
2026-09-04,20638,C-04992,marketplace,,70.25,0.00,0
2026-09-04,20641,C-01019,email,,90.16,0.00,0
2026-09-04,20644,C-09453,paid_search,SPRING15,67.87,22.21,0
2026-09-04,20645,C-09491,email,,70.44,0.00,0
2026-09-04,20646,C-06989,organic,,46.28,0.00,0
2026-09-04,20648,C-09481,marketplace,,50.45,0.00,1
2026-09-04,20650,C-09469,marketplace,THANKYOU5,38.56,6.04,0
2026-09-05,20651,C-08144,organic,,49.23,0.00,0
2026-09-05,20652,C-06946,email,,55.31,0.00,0
2026-09-05,20653,C-09555,email,,71.11,0.00,0
2026-09-05,20654,C-09565,organic,,62.59,0.00,0
2026-09-05,20655,C-09561,email,,57.77,0.00,0
2026-09-05,20656,C-06539,paid_search,,57.52,0.00,0
2026-09-05,20659,C-07218,email,,72.83,0.00,0
2026-09-05,20660,C-02574,paid_search,SPRING15,47.26,5.94,1
2026-09-05,20663,C-09554,email,,71.40,0.00,0
2026-09-05,20665,C-09531,paid_search,SPRING15,60.63,23.80,0
2026-09-05,20667,C-05860,organic,,46.31,0.00,0
2026-09-05,20669,C-09540,marketplace,SPRING15,60.56,7.94,1
2026-09-05,20671,C-02110,paid_search,,47.50,0.00,0
2026-09-05,20673,C-09566,organic,,74.62,0.00,0
2026-09-05,20674,C-04286,paid_search,,88.24,0.00,1
2026-09-05,20676,C-09525,paid_search,THANKYOU5,73.40,21.27,0
2026-09-05,20677,C-09541,marketplace,SAVE20,39.49,7.87,0
2026-09-05,20678,C-07502,marketplace,,86.10,0.00,0
2026-09-05,20679,C-09559,email,THANKYOU5,61.95,5.30,0
2026-09-05,20680,C-09557,email,SPRING15,52.26,8.18,0
2026-09-05,20681,C-06737,email,SPRING15,89.29,10.55,0
2026-09-05,20682,C-07089,email,,64.93,0.00,0
2026-09-05,20683,C-03649,organic,,44.44,0.00,0
2026-09-05,20686,C-03079,email,,63.24,0.00,0
2026-09-05,20687,C-09560,email,THANKYOU5,61.13,9.68,0
2026-09-05,20690,C-09524,paid_search,SAVE20,66.16,18.13,0
2026-09-05,20693,C-09556,email,SAVE20,53.29,7.10,0
2026-09-05,20694,C-09553,email,WELCOME10,57.92,8.47,0
2026-09-05,20696,C-00089,email,WELCOME10,67.18,9.87,0
2026-09-05,20697,C-09564,organic,,63.62,0.00,0
2026-09-05,20698,C-04503,email,,87.43,0.00,0
2026-09-05,20700,C-09533,paid_search,THANKYOU5,63.66,22.56,0
2026-09-05,20701,C-05002,email,,77.88,0.00,0
2026-09-05,20703,C-03122,email,,72.76,0.00,0
2026-09-05,20704,C-09543,marketplace,,77.92,0.00,0
2026-09-05,20705,C-00569,marketplace,,55.41,0.00,0
2026-09-05,20706,C-09545,marketplace,,69.56,0.00,0
2026-09-05,20707,C-00363,marketplace,,64.62,0.00,0
2026-09-05,20708,C-09529,paid_search,THANKYOU5,73.26,20.94,0
2026-09-05,20709,C-01787,email,SPRING15,79.30,12.43,0
2026-09-05,20712,C-01840,email,,46.10,0.00,0
2026-09-05,20715,C-01239,email,,62.92,0.00,0
2026-09-05,20716,C-00876,organic,,52.06,0.00,0
2026-09-05,20717,C-09535,paid_search,WELCOME10,68.56,16.05,0
2026-09-05,20720,C-09522,paid_search,SPRING15,54.60,12.00,1
2026-09-05,20722,C-07223,organic,,73.09,0.00,0
2026-09-05,20723,C-03814,email,,81.07,0.00,0
2026-09-05,20726,C-09521,paid_search,THANKYOU5,52.17,16.42,0
2026-09-05,20727,C-02554,paid_search,SAVE20,62.43,8.56,0
2026-09-05,20728,C-03549,organic,,70.29,0.00,0
2026-09-05,20729,C-09549,marketplace,,43.85,0.00,0
2026-09-05,20731,C-09538,marketplace,,72.26,0.00,0
2026-09-05,20734,C-09544,marketplace,,53.59,0.00,0
2026-09-05,20735,C-09539,marketplace,THANKYOU5,52.27,12.93,0
2026-09-05,20736,C-05745,email,SPRING15,42.69,6.57,0
2026-09-05,20737,C-09518,paid_search,SAVE20,52.70,20.44,1
2026-09-05,20738,C-03316,marketplace,,90.24,0.00,0
2026-09-05,20741,C-09526,paid_search,,71.45,0.00,0
2026-09-05,20742,C-09536,marketplace,THANKYOU5,55.98,7.05,0
2026-09-05,20743,C-06391,organic,,90.60,0.00,1
2026-09-05,20746,C-02682,email,,85.59,0.00,0
2026-09-05,20747,C-09520,paid_search,SAVE20,73.04,21.10,0
2026-09-05,20748,C-02854,email,WELCOME10,57.52,9.32,0
2026-09-05,20749,C-09563,organic,,78.49,0.00,0
2026-09-05,20750,C-04250,organic,,58.23,0.00,1
2026-09-05,20751,C-04820,marketplace,,60.11,0.00,1
2026-09-05,20752,C-01564,email,,93.69,0.00,0
2026-09-05,20754,C-05265,organic,,77.66,0.00,0
2026-09-05,20755,C-09519,paid_search,SPRING15,52.21,12.44,1
2026-09-05,20756,C-09527,paid_search,SAVE20,53.92,12.94,0
2026-09-05,20759,C-09528,paid_search,WELCOME10,67.75,21.34,1
2026-09-05,20760,C-09534,paid_search,,57.80,0.00,0
2026-09-05,20761,C-09550,email,,45.54,0.00,0
2026-09-05,20762,C-05468,marketplace,,85.25,0.00,0
2026-09-05,20763,C-09558,email,SAVE20,65.37,6.52,0
2026-09-05,20764,C-05809,paid_search,,46.94,0.00,0
2026-09-05,20765,C-09551,email,,62.71,0.00,0
2026-09-05,20767,C-09537,marketplace,,41.02,0.00,0
2026-09-05,20768,C-00167,email,,88.79,0.00,0
2026-09-05,20769,C-09532,paid_search,THANKYOU5,55.18,20.26,0
2026-09-05,20772,C-03296,paid_search,SPRING15,67.40,9.52,0
2026-09-05,20773,C-09547,marketplace,SPRING15,64.44,15.60,0
2026-09-05,20774,C-03376,marketplace,,39.95,0.00,1
2026-09-05,20775,C-09523,paid_search,WELCOME10,68.45,23.44,0
2026-09-05,20776,C-05575,marketplace,,47.58,0.00,0
2026-09-05,20778,C-06823,paid_search,,56.91,0.00,0
2026-09-05,20781,C-07036,organic,,47.70,0.00,0
2026-09-05,20782,C-09548,marketplace,THANKYOU5,49.19,10.04,0
2026-09-05,20783,C-02966,email,,101.22,0.00,0
2026-09-05,20785,C-09552,email,SAVE20,58.46,7.20,0
2026-09-05,20786,C-06152,email,,83.26,0.00,0
2026-09-05,20787,C-07026,marketplace,SAVE20,44.83,2.38,1
2026-09-05,20789,C-09542,marketplace,,60.30,0.00,0
2026-09-05,20792,C-09530,paid_search,WELCOME10,49.89,17.68,0
2026-09-05,20795,C-05930,paid_search,,52.61,0.00,0
2026-09-05,20797,C-09546,marketplace,THANKYOU5,37.34,6.83,0
2026-09-05,20798,C-06914,marketplace,,48.04,0.00,0
2026-09-05,20799,C-02736,organic,,83.92,0.00,0
2026-09-05,20800,C-09562,email,,69.47,0.00,0
2026-09-05,20801,C-06197,paid_search,SAVE20,59.10,4.94,0
2026-09-06,20802,C-09615,email,SPRING15,46.57,2.83,1
2026-09-06,20803,C-06384,organic,,62.07,0.00,0
2026-09-06,20804,C-07262,marketplace,SPRING15,48.02,3.46,0
2026-09-06,20805,C-09574,paid_search,WELCOME10,58.34,23.64,1
2026-09-06,20806,C-06537,marketplace,,72.30,0.00,0
2026-09-06,20807,C-09591,marketplace,,57.07,0.00,0
2026-09-06,20809,C-09593,marketplace,,52.14,0.00,0
2026-09-06,20810,C-02185,organic,SAVE20,51.81,4.46,0
2026-09-06,20812,C-01487,paid_search,,64.86,0.00,0
2026-09-06,20813,C-08412,marketplace,,66.83,0.00,0
2026-09-06,20815,C-09620,organic,,70.25,0.00,0
2026-09-06,20816,C-09570,paid_search,WELCOME10,71.03,15.75,1
2026-09-06,20817,C-07506,marketplace,,52.01,0.00,0
2026-09-06,20818,C-05842,email,,58.29,0.00,0
2026-09-06,20821,C-02221,email,,88.71,0.00,0
2026-09-06,20822,C-03645,email,SAVE20,80.49,8.82,0
2026-09-06,20825,C-09598,marketplace,,45.20,0.00,0
2026-09-06,20826,C-09568,paid_search,SAVE20,66.23,26.45,0
2026-09-06,20827,C-05638,marketplace,,91.99,0.00,1
2026-09-06,20828,C-09575,paid_search,,85.03,0.00,1
2026-09-06,20830,C-09585,paid_search,THANKYOU5,58.26,14.87,0
2026-09-06,20831,C-09608,email,,46.91,0.00,0
2026-09-06,20832,C-09609,email,,41.13,0.00,0
2026-09-06,20833,C-09580,paid_search,THANKYOU5,57.09,21.07,0
2026-09-06,20834,C-08347,email,,87.17,0.00,0
2026-09-06,20835,C-09571,paid_search,WELCOME10,46.54,10.59,0
2026-09-06,20836,C-09584,paid_search,THANKYOU5,60.61,21.03,0
2026-09-06,20837,C-01883,email,SAVE20,54.08,7.34,0
2026-09-06,20838,C-09590,marketplace,THANKYOU5,43.97,6.04,0
2026-09-06,20839,C-09601,marketplace,,64.70,0.00,0
2026-09-06,20841,C-01388,email,,55.64,0.00,0
2026-09-06,20844,C-04139,organic,,44.72,0.00,0
2026-09-06,20845,C-09597,marketplace,,65.00,0.00,0
2026-09-06,20846,C-09569,paid_search,SAVE20,45.28,11.23,1
2026-09-06,20847,C-06784,organic,,55.59,0.00,0
2026-09-06,20848,C-09614,email,,68.44,0.00,0
2026-09-06,20849,C-07661,paid_search,THANKYOU5,59.95,5.36,1
2026-09-06,20850,C-09604,email,WELCOME10,56.83,4.82,0
2026-09-06,20851,C-09619,organic,SAVE20,39.16,2.90,0
2026-09-06,20854,C-09606,email,,44.68,0.00,0
2026-09-06,20855,C-01140,email,,95.85,0.00,0
2026-09-06,20856,C-09592,marketplace,WELCOME10,37.76,6.87,0
2026-09-06,20857,C-05271,email,,58.01,0.00,0
2026-09-06,20859,C-09600,marketplace,THANKYOU5,38.10,7.87,1
2026-09-06,20862,C-09607,email,THANKYOU5,53.24,7.70,0
2026-09-06,20865,C-05987,marketplace,,52.73,0.00,0
2026-09-06,20866,C-09567,paid_search,THANKYOU5,68.33,22.53,0
2026-09-06,20867,C-09572,paid_search,,70.59,0.00,1
2026-09-06,20868,C-09573,paid_search,THANKYOU5,46.80,10.47,0
2026-09-06,20869,C-09611,email,,55.15,0.00,0
2026-09-06,20870,C-07524,paid_search,,71.01,0.00,1
2026-09-06,20873,C-06090,marketplace,WELCOME10,55.66,9.45,0
2026-09-06,20874,C-05089,marketplace,,51.91,0.00,0
2026-09-06,20875,C-09587,paid_search,THANKYOU5,50.34,15.19,1
2026-09-06,20876,C-09579,paid_search,SAVE20,55.55,20.51,0
2026-09-06,20878,C-09612,email,THANKYOU5,62.74,7.77,0
2026-09-06,20879,C-03992,marketplace,,46.05,0.00,0
2026-09-06,20880,C-08416,email,,51.75,0.00,0
2026-09-06,20881,C-05030,marketplace,,91.90,0.00,0
2026-09-06,20882,C-09594,marketplace,SPRING15,34.04,7.38,0
2026-09-06,20883,C-09603,marketplace,THANKYOU5,69.29,8.19,0
2026-09-06,20886,C-04953,email,,56.80,0.00,1
2026-09-06,20887,C-07134,marketplace,SAVE20,45.63,3.10,1
2026-09-06,20889,C-05737,organic,,79.14,0.00,0
2026-09-06,20890,C-06926,marketplace,,67.34,0.00,0
2026-09-06,20891,C-09617,organic,,46.36,0.00,0
2026-09-06,20892,C-09577,paid_search,SPRING15,45.48,12.81,0
2026-09-06,20893,C-01465,organic,,70.90,0.00,0
2026-09-06,20896,C-09589,marketplace,SPRING15,68.12,10.30,0
2026-09-06,20897,C-04322,marketplace,,63.86,0.00,1
2026-09-06,20898,C-09586,paid_search,WELCOME10,39.93,16.93,0
2026-09-06,20901,C-02623,email,,89.33,0.00,0
2026-09-06,20904,C-09578,paid_search,WELCOME10,44.65,12.15,1
2026-09-06,20905,C-07786,organic,,46.95,0.00,0
2026-09-06,20906,C-07983,marketplace,,63.08,0.00,0
2026-09-06,20907,C-09618,organic,,48.19,0.00,0
2026-09-06,20908,C-09576,paid_search,,73.03,0.00,1
2026-09-06,20909,C-03075,email,,72.96,0.00,0
2026-09-06,20911,C-02226,email,,96.10,0.00,0
2026-09-06,20912,C-05201,email,,56.97,0.00,0
2026-09-06,20913,C-03750,email,,76.15,0.00,0
2026-09-06,20914,C-09605,email,,69.91,0.00,1
2026-09-06,20916,C-05094,email,,70.72,0.00,0
2026-09-06,20919,C-09599,marketplace,,50.89,0.00,0
2026-09-06,20920,C-09613,email,THANKYOU5,34.37,5.59,0
2026-09-06,20921,C-09595,marketplace,,53.95,0.00,1
2026-09-06,20924,C-07330,marketplace,,69.49,0.00,0
2026-09-06,20925,C-09610,email,,43.07,0.00,0
2026-09-06,20926,C-09616,organic,,66.31,0.00,0
2026-09-06,20927,C-09596,marketplace,SAVE20,43.97,9.20,0
2026-09-06,20929,C-05257,marketplace,,62.85,0.00,0
2026-09-06,20932,C-04066,marketplace,WELCOME10,57.25,7.38,0
2026-09-06,20933,C-09583,paid_search,,77.93,0.00,1
2026-09-06,20934,C-09588,paid_search,SAVE20,64.30,18.69,0
2026-09-06,20935,C-09582,paid_search,SPRING15,46.85,18.33,0
2026-09-06,20936,C-03190,paid_search,,49.54,0.00,0
2026-09-06,20937,C-04633,paid_search,,61.00,0.00,0
2026-09-06,20938,C-09581,paid_search,WELCOME10,59.03,18.79,0
2026-09-06,20939,C-09602,marketplace,,45.61,0.00,0
2026-09-06,20940,C-05913,email,,50.68,0.00,0
2026-09-06,20941,C-07328,marketplace,THANKYOU5,47.07,7.70,0
2026-09-07,20944,C-09630,paid_search,SPRING15,57.14,19.47,0
2026-09-07,20947,C-05871,email,,40.74,0.00,0
2026-09-07,20948,C-09676,organic,SAVE20,62.21,4.56,0
2026-09-07,20950,C-03731,marketplace,,89.17,0.00,0
2026-09-07,20952,C-03081,email,,92.87,0.00,0
2026-09-07,20955,C-09625,paid_search,SAVE20,50.34,18.81,1
2026-09-07,20956,C-09628,paid_search,THANKYOU5,57.38,22.63,1
2026-09-07,20957,C-06803,email,,105.86,0.00,0
2026-09-07,20958,C-04675,paid_search,,40.13,0.00,0
2026-09-07,20960,C-09667,email,,39.07,0.00,0
2026-09-07,20963,C-09636,paid_search,SAVE20,40.85,15.36,0
2026-09-07,20964,C-06733,marketplace,,80.34,0.00,0
2026-09-07,20965,C-09627,paid_search,,76.19,0.00,0
2026-09-07,20968,C-09675,organic,,62.54,0.00,0
2026-09-07,20969,C-07143,organic,,46.27,0.00,0
2026-09-07,20970,C-07197,marketplace,,45.91,0.00,1
2026-09-07,20972,C-03041,paid_search,,61.21,0.00,0
2026-09-07,20973,C-09658,marketplace,,62.65,0.00,0
2026-09-07,20974,C-09674,organic,,48.36,0.00,1
2026-09-07,20976,C-07758,marketplace,,75.26,0.00,0
2026-09-07,20979,C-07401,paid_search,,59.54,0.00,1
2026-09-07,20981,C-09668,email,WELCOME10,41.43,2.31,0
2026-09-07,20982,C-02225,organic,WELCOME10,50.16,5.33,0
2026-09-07,20985,C-09643,paid_search,THANKYOU5,63.51,14.44,0
2026-09-07,20986,C-09669,email,THANKYOU5,37.26,5.63,1
2026-09-07,20989,C-09682,organic,,68.84,0.00,0
2026-09-07,20990,C-09652,marketplace,,42.21,0.00,0
2026-09-07,20993,C-03156,paid_search,,57.15,0.00,0
2026-09-07,20994,C-09641,paid_search,SAVE20,72.71,17.62,0
2026-09-07,20996,C-06925,marketplace,,62.26,0.00,0
2026-09-07,20998,C-04338,email,,75.79,0.00,1
2026-09-07,21000,C-09671,email,,51.87,0.00,0
2026-09-07,21001,C-09680,organic,,37.72,0.00,0
2026-09-07,21002,C-08626,email,,65.22,0.00,0
2026-09-07,21005,C-09639,paid_search,THANKYOU5,64.37,23.96,1
2026-09-07,21006,C-09654,marketplace,SAVE20,69.54,8.91,0
2026-09-07,21007,C-09679,organic,,56.85,0.00,0
2026-09-07,21008,C-04758,marketplace,,64.24,0.00,0
2026-09-07,21009,C-09648,marketplace,,68.41,0.00,0
2026-09-07,21010,C-02035,marketplace,,50.62,0.00,0
2026-09-07,21011,C-09646,marketplace,,46.55,0.00,0
2026-09-07,21012,C-09655,marketplace,,59.17,0.00,0
2026-09-07,21013,C-04863,marketplace,,77.12,0.00,0
2026-09-07,21014,C-03735,marketplace,,85.17,0.00,0
2026-09-07,21017,C-09637,paid_search,WELCOME10,43.69,15.52,0
2026-09-07,21018,C-07865,email,,76.28,0.00,0
2026-09-07,21019,C-06387,email,,52.33,0.00,0
2026-09-07,21022,C-09672,email,,47.48,0.00,0
2026-09-07,21023,C-07259,marketplace,,69.04,0.00,0
2026-09-07,21026,C-09659,marketplace,,73.97,0.00,0
2026-09-07,21029,C-09666,email,,73.46,0.00,0
2026-09-07,21030,C-02235,organic,SPRING15,42.58,2.73,0
2026-09-07,21031,C-09649,marketplace,,67.91,0.00,0
2026-09-07,21032,C-09660,marketplace,,62.35,0.00,0
2026-09-07,21033,C-09640,paid_search,WELCOME10,73.12,19.45,1
2026-09-07,21034,C-05731,paid_search,,46.27,0.00,0
2026-09-07,21035,C-09622,paid_search,WELCOME10,48.93,19.94,0
2026-09-07,21036,C-09642,paid_search,SAVE20,46.15,11.67,1
2026-09-07,21037,C-05713,organic,,64.64,0.00,0
2026-09-07,21040,C-09677,organic,,70.14,0.00,0
2026-09-07,21043,C-09653,marketplace,THANKYOU5,41.60,7.57,0
2026-09-07,21044,C-04509,email,,87.34,0.00,1
2026-09-07,21047,C-09623,paid_search,,66.40,0.00,1
2026-09-07,21048,C-09647,marketplace,,76.27,0.00,1
2026-09-07,21051,C-09629,paid_search,SAVE20,62.60,21.46,0
2026-09-07,21054,C-09638,paid_search,THANKYOU5,71.40,23.40,0
2026-09-07,21057,C-09656,marketplace,,70.53,0.00,0
2026-09-07,21060,C-09651,marketplace,SPRING15,52.56,8.16,0
2026-09-07,21062,C-09670,email,,61.53,0.00,0
2026-09-07,21064,C-08616,marketplace,,91.41,0.00,0
2026-09-07,21065,C-09662,email,,48.97,0.00,0
2026-09-07,21066,C-09678,organic,,55.49,0.00,0
2026-09-07,21067,C-05701,email,,91.11,0.00,0
2026-09-07,21068,C-02961,paid_search,,68.84,0.00,1
2026-09-07,21069,C-09634,paid_search,THANKYOU5,70.44,22.03,0
2026-09-07,21070,C-09633,paid_search,THANKYOU5,63.47,19.00,0
2026-09-07,21071,C-09665,email,SAVE20,64.62,6.00,1
2026-09-07,21072,C-09684,organic,THANKYOU5,62.38,8.67,0
2026-09-07,21073,C-09621,paid_search,SAVE20,71.87,21.06,0
2026-09-07,21075,C-09664,email,,68.27,0.00,0
2026-09-07,21077,C-09635,paid_search,SPRING15,56.88,19.62,1
2026-09-07,21078,C-07562,email,,73.63,0.00,0
2026-09-07,21079,C-01506,marketplace,,86.97,0.00,0
2026-09-07,21080,C-05917,email,,73.63,0.00,0
2026-09-07,21082,C-05960,marketplace,THANKYOU5,45.73,6.26,0
2026-09-07,21085,C-09683,organic,SPRING15,66.08,11.02,0
2026-09-07,21086,C-04249,organic,,53.21,0.00,0
2026-09-07,21089,C-09650,marketplace,,50.42,0.00,0
2026-09-07,21091,C-07705,email,,64.97,0.00,0
2026-09-07,21094,C-04851,paid_search,,66.78,0.00,0
2026-09-07,21095,C-09626,paid_search,SPRING15,65.00,17.48,0
2026-09-07,21098,C-09681,organic,,54.43,0.00,0
2026-09-07,21101,C-06855,marketplace,,56.31,0.00,0
2026-09-07,21103,C-09631,paid_search,WELCOME10,49.03,18.01,1
2026-09-07,21104,C-09673,email,SPRING15,43.16,3.73,0
2026-09-07,21105,C-03721,paid_search,,63.49,0.00,0
2026-09-07,21106,C-09632,paid_search,,79.16,0.00,0
2026-09-07,21108,C-07014,marketplace,,68.98,0.00,0
2026-09-07,21109,C-09663,email,,46.55,0.00,0
2026-09-07,21110,C-09645,marketplace,,79.33,0.00,0
2026-09-07,21111,C-09657,marketplace,,80.18,0.00,1
2026-09-07,21112,C-09624,paid_search,SPRING15,54.83,17.54,0
2026-09-07,21113,C-03214,email,,52.83,0.00,0
2026-09-07,21114,C-08540,marketplace,,79.71,0.00,0
2026-09-07,21116,C-09644,paid_search,WELCOME10,75.57,19.90,1
2026-09-07,21118,C-09661,marketplace,SPRING15,67.05,10.38,0
